,city,ein,has_subseccd,have_extracts,have_filings,have_pdfs,name,ntee_code,raw_ntee_code,score,state,strein,sub_name,subseccd
265,THE VILLAGES,300096938,True,False,True,True,AMERICAN BRUSSELS GRIFFON ASSOCIATION,D60,D60,4.2835336,FL,30-0096938,AMERICAN BRUSSELS GRIFFON ASSOCIATION,7
646,WILDWOOD,50579861,True,False,True,True,BARAK ENTERPRISES INC,X20,X20,4.2835336,FL,05-0579861,BARAK ENTERPRISES INC,3
649,THE VILLAGES,382964580,True,True,True,True,BARBER FOUNDATION,,,4.2835336,FL,38-2964580,BARBER FOUNDATION ,3
826,THE VILLAGES,341910573,True,True,True,True,BLAIR FAMILY FOUNDATION,T20,T20,4.2835336,FL,34-1910573,BLAIR FAMILY FOUNDATION,3
1124,LEESBURG,592808772,True,True,True,True,CARE DIVERSIFIED OF LAKE COUNTY INC,,,4.2835336,FL,59-2808772,CARE DIVERSIFIED OF LAKE COUNTY INC,3
1405,LEESBURG,592790823,True,True,True,True,CHRISTIAN CARE CENTER INC,P430,P430,4.2835336,FL,59-2790823,CHRISTIAN CARE CENTER INC,3
1621,LEESBURG,593455505,True,True,True,True,COMMUNITY DEVELOPMENT CORPROATION OF LEESBURG AND VICINITY INC,S99,S99,4.2835336,FL,59-3455505,COMMUNITY DEVELOPMENT CORPROATION OF LEESBURG AND VICINITY INC,3
2118,LEESBURG,592520097,True,True,True,True,EAST HILLSBOROUGH HOUSING DEVELOPMENT INCORPORATED,L20,L20,4.2835336,FL,59-2520097,EAST HILLSBOROUGH HOUSING DEVELOPMENT INCORPORATED,3
2338,LADY LAKE,275370261,True,True,True,True,FAITH RE-ENTRY ENTERPRISE,I44,I44,4.2835336,FL,27-5370261,FAITH RE-ENTRY ENTERPRISE,3
2481,THE VILLAGES,592442549,True,True,True,True,FLORIDA ASSOCIATION FOR HEALTHCARE QUALITY INC,S41,S41,4.2835336,FL,59-2442549,FLORIDA ASSOCIATION FOR HEALTHCARE QUALITY INC,6
2930,LEESBURG,596139800,True,False,True,True,FREE & ACCEPTED MASONS OF FLORIDA,,,4.2835336,FL,59-6139800,FREE & ACCEPTED MASONS OF FLORIDA ,10
3028,THE VILLAGES,800072799,True,True,True,True,FRIENDS OF THE VILLAGES LIBRARY INC,,,4.2835336,FL,80-0072799,FRIENDS OF THE VILLAGES LIBRARY INC,3
3289,THE VILLAGES,320315315,True,True,True,True,GRAND MASTERS DRAGON BOAT CLUB OF THE VILLAGES,N50,N50,4.2835336,FL,32-0315315,GRAND MASTERS DRAGON BOAT CLUB OF THE VILLAGES,7
3473,THE VILLAGES,650363634,True,True,True,True,HANSBERGER FAMILY FOUNDATION,,,4.2835336,FL,65-0363634,HANSBERGER FAMILY FOUNDATION,3
3492,LEESBURG,592975723,True,False,True,True,HARRY T MOORE FUND INCORPORATED,B82Z,B82Z,4.2835336,FL,59-2975723,HARRY T MOORE FUND INCORPORATED,3
3683,THE VILLAGES,760704071,True,False,True,True,HOLY LAND PILGRIMAGE INC,X99,X99,4.2835336,FL,76-0704071,HOLY LAND PILGRIMAGE INC,3
3897,LEESBURG,272517148,True,True,True,True,INNOVATIONS EDUCATIONAL SERVICES INC,B20,B20,4.2835336,FL,27-2517148,INNOVATIONS EDUCATIONAL SERVICES INC,3
3945,LADY LAKE,593648363,True,True,True,True,INTERNATIONAL ASSOCIATION OF FIRE FIGHTERS,S80,S80,4.2835336,FL,59-3648363,INTERNATIONAL ASSOCIATION OF FIRE FIGHTERS ,5
3964,LADY LAKE,592844668,True,True,True,True,INTERNATIONAL ASSOCIATION OF LIONS CLUBS,,,4.2835336,FL,59-2844668,INTERNATIONAL ASSOCIATION OF LIONS CLUBS ,4
3999,THE VILLAGES,61357703,True,False,True,True,INTERNATIONAL CONF ON THEORETICAL & COMPUTATIONAL ACOUST,N99Z,N99Z,4.2835336,FL,06-1357703,INTERNATIONAL CONF ON THEORETICAL & COMPUTATIONAL ACOUST,3
4075,SUMMERFIELD,680663759,True,True,True,True,ITL-USA JESUS TO MUSLIMS INC,X20,X20,4.2835336,FL,68-0663759,ITL-USA JESUS TO MUSLIMS INC,3
4320,THE VILLAGES,436938878,True,True,True,True,KAMM FAMILY CHARITABLE FOUNDATION,B82,B82,4.2835336,FL,43-6938878,KAMM FAMILY CHARITABLE FOUNDATION ,3
4640,LEESBURG,590330175,True,True,True,True,LEESBURG AREA CHAMBER OF COMMERCE INC,,,4.2835336,FL,59-0330175,LEESBURG AREA CHAMBER OF COMMERCE INC,6
4824,SUMMERFIELD,134315485,True,True,True,True,LOVE INC OF THE HEART OF FLORIDA,E32,E32,4.2835336,FL,13-4315485,LOVE INC OF THE HEART OF FLORIDA,3
5049,LEESBURG,592319673,True,True,True,True,MELON PATCH PLAYERS INC,,,4.2835336,FL,59-2319673,MELON PATCH PLAYERS INC,3
5222,THE VILLAGES,161454827,True,True,True,True,MONROE COUNTY YOUTH HOCKEY LEAGUE INC,N68,N68,4.2835336,FL,16-1454827,MONROE COUNTY YOUTH HOCKEY LEAGUE INC,3
5837,THE VILLAGES,472283160,True,True,True,True,PARADY CARES FOUNDATION INC,T21,T21,4.2835336,FL,47-2283160,PARADY CARES FOUNDATION INC,3
6176,LEESBURG,472722928,True,False,True,True,PROGRESS HEALTH SYSTEM INC,F30,F30,4.2835336,FL,47-2722928,PROGRESS HEALTH SYSTEM INC,3
6653,LEESBURG,596152302,True,True,True,True,ROTARY INTERNATIONAL,,,4.2835336,FL,59-6152302,ROTARY INTERNATIONAL ,4
6851,LEESBURG,591786646,True,True,True,True,SEBRING HOUSING RESEARCH AND DEVELOPMENT INC,L20Z,L20Z,4.2835336,FL,59-1786646,SEBRING HOUSING RESEARCH AND DEVELOPMENT INC,3
6902,LEESBURG,202438907,True,True,True,True,SERVE INTERNATIONAL INC,X20,X20,4.2835336,FL,20-2438907,SERVE INTERNATIONAL INC,3
7054,LADY LAKE,562379882,True,True,True,True,SOCIETY FOR THE PRESERVATION AND EN COURAGEMENT OF BARBERSHOP QUARTET,,,4.2835336,FL,56-2379882,SOCIETY FOR THE PRESERVATION AND EN COURAGEMENT OF BARBERSHOP QUARTET ,3
7228,LEESBURG,593085768,True,False,True,True,SPIRITUAL MEAT MINISTRIES INC,X20,X20,4.2835336,FL,59-3085768,SPIRITUAL MEAT MINISTRIES INC,3
7434,LEESBURG,591930274,True,True,True,True,SUNRISEARC INC,P820,P820,4.2835336,FL,59-1930274,SUNRISEARC INC,3
7686,LEESBURG,464440493,True,True,True,True,THE GREG PADGETT FOUNDATION INC,B82,B82,4.2835336,FL,46-4440493,THE GREG PADGETT FOUNDATION INC,3
7823,THE VILLAGES,464232908,True,True,True,True,THE VILLAGES POPS CHORUS INC,A68,A68,4.2835336,FL,46-4232908,THE VILLAGES POPS CHORUS INC,3
8242,LEESBURG,593054643,True,False,True,True,VETERANS OF FOREIGN WARS OF THE UNITED STATES DEPT OF FLORIDA,,,4.2835336,FL,59-3054643,VETERANS OF FOREIGN WARS OF THE UNITED STATES DEPT OF FLORIDA ,19
8261,LADY LAKE,593733183,True,True,True,True,VHA COMMUNITY FOUNDATION INC,P40,P40,4.2835336,FL,59-3733183,VHA COMMUNITY FOUNDATION INC,3
8291,LADY LAKE,455560376,True,True,True,True,VILLAGES HONOR FLIGHT INC,P20,P20,4.2835336,FL,45-5560376,VILLAGES HONOR FLIGHT INC,3
8292,THE VILLAGES,263731546,True,True,True,True,VILLAGES TWIRLERS,P80,P80,4.2835336,FL,26-3731546,VILLAGES TWIRLERS,3
8424,LEESBURG,510567649,True,False,True,True,WEST LEESBURG COMMUNITY DEVELOPMENT CORPORATION,S30,S30,4.2835336,FL,51-0567649,WEST LEESBURG COMMUNITY DEVELOPMENT CORPORATION,3
8576,SUMMERFIELD,593656796,True,True,True,True,Y E S OPPORTUNITIES INC,B82,B82,4.2835336,FL,59-3656796,Y E S OPPORTUNITIES INC,3
8602,WILDWOOD,593474454,True,True,True,True,YOUNG PERFORMING ARTISTS,T99,T99,4.2835336,FL,59-3474454,YOUNG PERFORMING ARTISTS ,3
8651,THE VILLAGES,205972206,True,True,True,True,121 AVN ASSOCIATION,W30,W30,4.281465,FL,20-5972206,121 AVN ASSOCIATION,19
9121,LEESBURG,592944839,True,True,True,True,ANTHONY HOUSE INC,L410,L410,4.281465,FL,59-2944839,ANTHONY HOUSE INC,3
9230,SUMMERFIELD,270656070,True,True,True,True,ASSOCIATION OF NOTRE DAME CLUBS INC,,,4.281465,FL,27-0656070,ASSOCIATION OF NOTRE DAME CLUBS INC ,3
9426,LADY LAKE,236279703,True,True,True,True,BENEVOLENT ASSOCIATION OF POTTSVIL ROBERT A YANAITIS TREAS,,,4.281465,FL,23-6279703,BENEVOLENT ASSOCIATION OF POTTSVIL ROBERT A YANAITIS TREAS,3
9441,LEESBURG,204742893,True,True,True,True,BERNICE W JEFFCOAT CHARITABLE TRUST,T22,T22,4.281465,FL,20-4742893,BERNICE W JEFFCOAT CHARITABLE TRUST ,3
9793,LEESBURG,10574719,True,True,True,True,CARVER HEIGHTS MINISTRIES INC,O20,O20,4.281465,FL,01-0574719,CARVER HEIGHTS MINISTRIES INC,3
9804,WILDWOOD,462859665,True,True,True,True,CAT RESOURCE CENTER INC,D99,D99,4.281465,FL,46-2859665,CAT RESOURCE CENTER INC,3
10076,LEESBURG,453185222,True,False,True,True,CINAGRO FARM RESCUE SERVICES INC,D20,D20,4.281465,FL,45-3185222,CINAGRO FARM RESCUE SERVICES INC,3
10567,LADY LAKE,311216257,True,True,True,True,DISABLED AMERICAN VETERANS,W30,W30,4.281465,FL,31-1216257,DISABLED AMERICAN VETERANS ,4
10752,LEESBURG,592764174,True,True,True,True,EDUCATIONAL FOUNDATION OF LAKE COUNTY INC,B9XZ,B9XZ,4.281465,FL,59-2764174,EDUCATIONAL FOUNDATION OF LAKE COUNTY INC,3
10821,SUMMERFIELD,364625733,True,True,True,True,EMERGENCY RESPONSE TEAM OF STONECREST INC,M20,M20,4.281465,FL,36-4625733,EMERGENCY RESPONSE TEAM OF STONECREST INC,3
11424,LEESBURG,462442032,True,True,True,True,FORWARD PATHS FOUNDATION INC,O50,O50,4.281465,FL,46-2442032,FORWARD PATHS FOUNDATION INC,3
11549,WILDWOOD,591652673,True,False,True,True,FREE & ACCEPTED MASONS OF FLORIDA,,,4.281465,FL,59-1652673,FREE & ACCEPTED MASONS OF FLORIDA ,10
11624,LEESBURG,61331583,True,True,True,True,FRIENDS OF OLD TIME RADIO INC,A82Z,A82Z,4.281465,FL,06-1331583,FRIENDS OF OLD TIME RADIO INC,3
11646,LEESBURG,592187338,True,True,True,True,FRIENDS OF THE LEESBURG LIBRARY INCORPORATED,,,4.281465,FL,59-2187338,FRIENDS OF THE LEESBURG LIBRARY INCORPORATED,3
13091,LADY LAKE,592096407,True,True,True,True,KIWANIS INTERNATIONAL INC,,,4.281465,FL,59-2096407,KIWANIS INTERNATIONAL INC ,4
13195,LADY LAKE,592100791,True,False,True,True,LAKE & SUMTER COUNTIES CHAPTER,W30,W30,4.281465,FL,59-2100791,LAKE & SUMTER COUNTIES CHAPTER,19
13203,LADY LAKE,591813434,True,False,True,True,LAKE EUSTIS KENNEL CLUB INC,,,4.281465,FL,59-1813434,LAKE EUSTIS KENNEL CLUB INC,7
13215,LEESBURG,593466574,True,True,True,True,LAKE SUMTER CHILDRENS ADVOCACY CENTER INC,I72,I72,4.281465,FL,59-3466574,LAKE SUMTER CHILDRENS ADVOCACY CENTER INC,3
13323,LEESBURG,591934800,True,False,True,True,LEESBURG CHAPT 1034 WOMEN OF THE MOOSE,,,4.281465,FL,59-1934800,LEESBURG CHAPT 1034 WOMEN OF THE MOOSE ,8
13324,SUMMERFIELD,592181152,True,True,True,True,LEESBURG HIGH SCHOOL FOUNDATION INC,,,4.281465,FL,59-2181152,LEESBURG HIGH SCHOOL FOUNDATION INC,3
13325,LEESBURG,590878982,True,True,True,True,LEESBURG REGIONAL MEDICAL CENTER INC,E220,E220,4.281465,FL,59-0878982,LEESBURG REGIONAL MEDICAL CENTER INC,3
13710,LEESBURG,203588786,True,True,True,True,MATTICK FAMILY FOUNDATION INC,T20,T20,4.281465,FL,20-3588786,MATTICK FAMILY FOUNDATION INC,3
13773,SUMMERFIELD,271069304,True,True,True,True,MEMORIES OF MISSING SMILES,N32,N32,4.281465,FL,27-1069304,MEMORIES OF MISSING SMILES,3
13863,LEESBURG,800185498,True,True,True,True,MID FLORIDA CHAPTER 534 EXPERIMENTAL AIRCRAFT ASSOCIATION,B99,B99,4.281465,FL,80-0185498,MID FLORIDA CHAPTER 534 EXPERIMENTAL AIRCRAFT ASSOCIATION,3
13867,LEESBURG,593270444,True,False,True,True,MIDWAY BAPTIST CHURCH,X21,X21,4.281465,FL,59-3270444,MIDWAY BAPTIST CHURCH,3
14195,LEESBURG,464044482,True,True,True,True,NCRNC INC,E91,E91,4.281465,FL,46-4044482,NCRNC INC,3
14387,LEESBURG,870738252,True,True,True,True,OHIO CHOOSE LIFE INC,P193,P193,4.281465,FL,87-0738252,OHIO CHOOSE LIFE INC,3
14459,SUMMERFIELD,596579131,True,True,True,True,ORANGE BLOSSOM HILLS HOMEOWNERS ASSOCIATION INC,,,4.281465,FL,59-6579131,ORANGE BLOSSOM HILLS HOMEOWNERS ASSOCIATION INC,4
14460,THE VILLAGES,592878329,True,True,True,True,ORANGE BLOSSOM SQUARES INC,,,4.281465,FL,59-2878329,ORANGE BLOSSOM SQUARES INC,7
14732,LEESBURG,462353037,True,True,True,True,PERSONHOOD FLORIDA EDUCATION INC,R62,R62,4.281465,FL,46-2353037,PERSONHOOD FLORIDA EDUCATION INC,3
14899,THE VILLAGES,383019445,True,True,True,True,PREEDE FOUNDATION,,,4.281465,FL,38-3019445,PREEDE FOUNDATION,3
15144,THE VILLAGES,651180390,True,True,True,True,QUILTING GUILD OF THE VILLAGES,N50,N50,4.281465,FL,65-1180390,QUILTING GUILD OF THE VILLAGES,4
15145,LEESBURG,593697805,True,True,True,True,QUILTING SISTERS GUILD,B90,B90,4.281465,FL,59-3697805,QUILTING SISTERS GUILD,3
15267,LEESBURG,461336140,True,True,True,True,RESTORATION OUTREACH COMMUNITY CENTER INC,P20,P20,4.281465,FL,46-1336140,RESTORATION OUTREACH COMMUNITY CENTER INC,3
15355,THE VILLAGES,200301785,True,True,True,True,ROBEY FAMILY FOUNDATION,T22,T22,4.281465,FL,20-0301785,ROBEY FAMILY FOUNDATION,3
15404,LADY LAKE,460712125,True,True,True,True,ROTARY CLUB OF THE VILLAGES - EVENING - FOUNDATION INC,P12,P12,4.281465,FL,46-0712125,ROTARY CLUB OF THE VILLAGES - EVENING - FOUNDATION INC,3
15405,LADY LAKE,593750165,True,True,True,True,ROTARY CLUB OF THE VILLAGES FOUNDATION INC,T30,T30,4.281465,FL,59-3750165,ROTARY CLUB OF THE VILLAGES FOUNDATION INC ,3
15457,LEESBURG,900223420,True,True,True,True,ROTARY INTERNATIONAL,S80,S80,4.281465,FL,90-0223420,ROTARY INTERNATIONAL ,4
15708,THE VILLAGES,942699567,True,True,True,True,SHARE FOUNDATION,,,4.281465,FL,94-2699567,SHARE FOUNDATION,3
15720,LEESBURG,593567315,True,True,True,True,SHELTER PROJECT HOPE INC,L41,L41,4.281465,FL,59-3567315,SHELTER PROJECT HOPE INC,3
16239,WILDWOOD,261419962,True,True,True,True,TABERNACLE OF PRAISE AND WORSHIP HELPING HANDS MINISTRIES INTERNATI,P20,P20,4.281465,FL,26-1419962,TABERNACLE OF PRAISE AND WORSHIP HELPING HANDS MINISTRIES INTERNATI,3
16712,LEESBURG,800184907,True,True,True,True,TREADWAY ELEMENTARY SCHOOL PTO INC,B94,B94,4.281465,FL,80-0184907,TREADWAY ELEMENTARY SCHOOL PTO INC,3
16785,LADY LAKE,314418727,True,False,True,True,TWIN TOWERS SWIM CLUB INC,,,4.281465,FL,31-4418727,TWIN TOWERS SWIM CLUB INC,7
16948,LADY LAKE,593677650,True,True,True,True,VETERANS MEMORIAL PARK OF THE VILLAGES INC,W30,W30,4.281465,FL,59-3677650,VETERANS MEMORIAL PARK OF THE VILLAGES INC,19
17027,THE VILLAGES,271227921,True,True,True,True,VILLAGES CONVERTIBLE CLUB,N50,N50,4.281465,FL,27-1227921,VILLAGES CONVERTIBLE CLUB,7
17028,THE VILLAGES,593336621,True,False,True,True,VILLAGES GENEALOGICAL SOCIETY,A80,A80,4.281465,FL,59-3336621,VILLAGES GENEALOGICAL SOCIETY,3
17109,LADY LAKE,461402528,True,True,True,True,WE BIKE FOR KIDS - THE VILLAGES FLORIDA INC,O99,O99,4.281465,FL,46-1402528,WE BIKE FOR KIDS - THE VILLAGES FLORIDA INC,3
17479,THE VILLAGES,222874274,True,True,True,True,ADAM R & CHANIN T MAST FOUNDATION,,,4.2811604,FL,22-2874274,ADAM R & CHANIN T MAST FOUNDATION,3
17761,LADY LAKE,593280794,True,True,True,True,AMERICAN LEGION AUXILIARY,,,4.2811604,FL,59-3280794,AMERICAN LEGION AUXILIARY ,19
18643,LEESBURG,331197054,True,True,True,True,CENTRAL FLORIDA HEALTH INC,E02,E02,4.2811604,FL,33-1197054,CENTRAL FLORIDA HEALTH INC,3
18808,LEESBURG,593272397,True,False,True,True,CHRISTIAN SOCIAL SERVICES OF LAKE & SUMTER COUNTIES INC,P60Z,P60Z,4.2811604,FL,59-3272397,CHRISTIAN SOCIAL SERVICES OF LAKE & SUMTER COUNTIES INC,3
18895,LEESBURG,592029348,True,True,True,True,CLUB HAWTHORNE,,,4.2811604,FL,59-2029348,CLUB HAWTHORNE,7
18930,THE VILLAGES,452636866,True,True,True,True,COLORED PENCIL PAINTERS GUILD,A20,A20,4.2811604,FL,45-2636866,COLORED PENCIL PAINTERS GUILD,7
18962,LEESBURG,593651233,True,True,True,True,COMMUNITY CRUSADERS INC,P50,P50,4.2811604,FL,59-3651233,COMMUNITY CRUSADERS INC,3
19210,LEESBURG,593037695,True,True,True,True,DEAF SERVICE CENTER OF LAKE COUNTY,P82Z,P82Z,4.2811604,FL,59-3037695,DEAF SERVICE CENTER OF LAKE COUNTY,3
19275,LADY LAKE,203176937,True,True,True,True,DIOCESE OF MWEKA INC,Q33,Q33,4.2811604,FL,20-3176937,DIOCESE OF MWEKA INC,3
19998,THE VILLAGES,592229619,True,False,True,True,FLORIDA LAND IMPROVEMENT CONTRACTORS ASSOCIATION INC,,,4.2811604,FL,59-2229619,FLORIDA LAND IMPROVEMENT CONTRACTORS ASSOCIATION INC,6
20346,FRUITLAND PARK,451060685,True,True,True,True,FRIENDS OF LAKE GRIFFIN STATE PARK,C12,C12,4.2811604,FL,45-1060685,FRIENDS OF LAKE GRIFFIN STATE PARK,3
20356,LADY LAKE,262678546,True,True,True,False,FRIENDS OF RESPONDING EMERGENCY SERVICE TEAMS,P20,P20,4.2811604,FL,26-2678546,FRIENDS OF RESPONDING EMERGENCY SERVICE TEAMS,3
20526,LEESBURG,591481485,True,True,True,True,GFWC WOMANS CLUB OF LEESBURG INC,S81,S81,4.2811604,FL,59-1481485,GFWC WOMANS CLUB OF LEESBURG INC,3
21083,LEESBURG,593414881,True,False,True,True,HOPE VISION INC,P20,P20,4.2811604,FL,59-3414881,HOPE VISION INC,3
21148,LEESBURG,800427758,True,True,True,True,HUMANITIES & FINE ARTS CHARTER SCHOOL INC,B29,B29,4.2811604,FL,80-0427758,HUMANITIES & FINE ARTS CHARTER SCHOOL INC,3
21195,LADY LAKE,475554259,True,True,True,True,IGLESIA DE DIOS EL REY VIENE INC,X20,X20,4.2811604,FL,47-5554259,IGLESIA DE DIOS EL REY VIENE INC,3
21716,WILDWOOD,30423152,True,True,True,True,KIDS CENTRAL INC,E60,E60,4.2811604,FL,03-0423152,KIDS CENTRAL INC,3
21845,LEESBURG,261244385,True,True,True,True,KRISTIN POOH MASON FOUNDATION INC,T20,T20,4.2811604,FL,26-1244385,KRISTIN POOH MASON FOUNDATION INC,3
21870,LADY LAKE,264194173,True,True,True,True,LADY LAKE SOCCER ASSOCIATION INC,N99,N99,4.2811604,FL,26-4194173,LADY LAKE SOCCER ASSOCIATION INC,3
21886,LEESBURG,593041134,True,True,True,True,LAKE GRIFFIN HARBOR ACTIVITIES ASSN,,,4.2811604,FL,59-3041134,LAKE GRIFFIN HARBOR ACTIVITIES ASSN,7
21894,LEESBURG,591990323,True,True,True,True,LAKE SUMTER STATE COLLEGE FOUNDATION INC,B410,B410,4.2811604,FL,59-1990323,LAKE SUMTER STATE COLLEGE FOUNDATION INC,3
21985,LEESBURG,590652249,True,True,True,True,LEESBURG CEMETERIES INC FKA LONE OAK CEMETERY,,,4.2811604,FL,59-0652249,LEESBURG CEMETERIES INC FKA LONE OAK CEMETERY,13
21986,LEESBURG,592435968,True,True,True,True,LEESBURG FOOD BANK INC,,,4.2811604,FL,59-2435968,LEESBURG FOOD BANK INC,3
21987,LEESBURG,300475804,True,True,True,True,LEESBURG ISLAMIC CENTER INC,X40,X40,4.2811604,FL,30-0475804,LEESBURG ISLAMIC CENTER INC,3
21988,LEESBURG,590604702,True,True,True,True,LEESBURG LODGE NO 1271 LOYAL ORDER OF MOOSE,,,4.2811604,FL,59-0604702,LEESBURG LODGE NO 1271 LOYAL ORDER OF MOOSE ,8
21989,LEESBURG,591800743,True,True,True,True,LEESBURG REGIONAL MEDICAL CENTER FOUNDATION INC,E22I,E22I,4.2811604,FL,59-1800743,LEESBURG REGIONAL MEDICAL CENTER FOUNDATION INC,3
22049,LEESBURG,592976392,True,True,True,True,LIFESTREAM BEHAVIORAL CENTER FOUNDATION INC,,,4.2811604,FL,59-2976392,LIFESTREAM BEHAVIORAL CENTER FOUNDATION INC,3
22589,THE VILLAGES,474170886,True,False,True,True,MINNELLI FAMILY FOUNDATION INC,P12,P12,4.2811604,FL,47-4170886,MINNELLI FAMILY FOUNDATION INC,3
22924,LEESBURG,203288751,True,True,True,True,NEW VISION FOR INDEPENDENCE INC,P86,P86,4.2811604,FL,20-3288751,NEW VISION FOR INDEPENDENCE INC,3
22940,THE VILLAGES,432091292,True,True,True,True,NICHOLAS R RIZZI FOUNDATION INC,T20,T20,4.2811604,FL,43-2091292,NICHOLAS R RIZZI FOUNDATION INC,3
24098,LADY LAKE,680558944,True,True,True,True,ROTARY INTERNATIONAL,,,4.2811604,FL,68-0558944,ROTARY INTERNATIONAL ,4
25236,THE VILLAGES,223936034,True,False,True,True,THE VILLAGES TRI-COUNTY JUNIOR GOLF INC,N6A,N6A,4.2811604,FL,22-3936034,THE VILLAGES TRI-COUNTY JUNIOR GOLF INC,3
25381,THE VILLAGES,464691134,True,True,True,True,TREASURE THE MOMENTS INC,G30,G30,4.2811604,FL,46-4691134,TREASURE THE MOMENTS INC,3
25391,THE VILLAGES,201010193,True,True,True,True,TRI-COUNTY ASSOCIATION OF THE DEAF INC,P80,P80,4.2811604,FL,20-1010193,TRI-COUNTY ASSOCIATION OF THE DEAF INC,3
25577,THE VILLAGES,753240556,True,False,True,True,URBAN TRAILBLAZERS INC,O50,O50,4.2811604,FL,75-3240556,URBAN TRAILBLAZERS INC,3
25725,SUMMERFIELD,474354500,True,True,True,True,VILLAGE VIEW CHRISTIAN ACADEMY INC,B20,B20,4.2811604,FL,47-4354500,VILLAGE VIEW CHRISTIAN ACADEMY INC ,3
25726,THE VILLAGES,593738721,True,True,True,True,VILLAGERS FOR HOSPICE INC,P74,P74,4.2811604,FL,59-3738721,VILLAGERS FOR HOSPICE INC,3
25727,THE VILLAGES,550818419,True,True,True,True,VILLAGES REGIONAL HOSPITAL AUXILIARY INC,E112,E112,4.2811604,FL,55-0818419,VILLAGES REGIONAL HOSPITAL AUXILIARY INC,3
25728,LADY LAKE,453631367,True,True,True,True,VINCENTIAN CHARITIES INC,L40,L40,4.2811604,FL,45-3631367,VINCENTIAN CHARITIES INC,3
25941,LEESBURG,597163598,True,True,True,True,WILLIAM M & MARIAN R HAYWOOD TR CHARITABLE 113099,T20,T20,4.2811604,FL,59-7163598,WILLIAM M & MARIAN R HAYWOOD TR CHARITABLE 113099 ,3
26039,LEESBURG,223710868,True,True,True,True,WORLD MINISTRIES A NEW JERSEY NON PROFIT CORPORATION,X21,X21,4.2811604,FL,22-3710868,WORLD MINISTRIES A NEW JERSEY NON PROFIT CORPORATION,3
26361,LADY LAKE,320312372,True,True,True,True,AMAC FOUNDATION INC,P50,P50,4.277829,FL,32-0312372,AMAC FOUNDATION INC,3
26429,LEESBURG,510182681,True,True,True,True,AMERICAN FEDERATION OF TEACHERS,,,4.277829,FL,51-0182681,AMERICAN FEDERATION OF TEACHERS ,5
26468,LADY LAKE,592863768,True,True,True,True,AMERICAN LEGION,,,4.277829,FL,59-2863768,AMERICAN LEGION ,19
26531,LEESBURG,113787972,True,True,True,True,AMVETS,,,4.277829,FL,11-3787972,AMVETS ,19
26536,LADY LAKE,421711243,True,True,True,True,AMVETS,,,4.277829,FL,42-1711243,AMVETS ,19
26741,LEESBURG,521843193,True,True,True,True,ATLANTIC COAST LINE & SEABOARD AIR LINE RAILROADS HIST SOCIETY INC,,,4.277829,FL,52-1843193,ATLANTIC COAST LINE & SEABOARD AIR LINE RAILROADS HIST SOCIETY INC,3
26861,LEESBURG,592961536,True,True,True,True,BEACON COLLEGE INC,,,4.277829,FL,59-2961536,BEACON COLLEGE INC,3
27067,LEESBURG,591524504,True,True,True,True,BOYS & GIRLS CLUBS OF LAKE & SUMTER COUNTIES INC,O23Z,O23Z,4.277829,FL,59-1524504,BOYS & GIRLS CLUBS OF LAKE & SUMTER COUNTIES INC,3
27172,THE VILLAGES,204450548,True,True,True,True,BUFFALO SCHOLARSHIPS FOUNDATION INC,B82,B82,4.277829,FL,20-4450548,BUFFALO SCHOLARSHIPS FOUNDATION INC ,3
27284,LEESBURG,161734362,True,True,True,True,CARE FOR PASTORS INC,X20,X20,4.277829,FL,16-1734362,CARE FOR PASTORS INC,3
27612,WILDWOOD,465029263,True,True,True,True,CITY OF HOPE INTERNATIONAL INC,F33,F33,4.277829,FL,46-5029263,CITY OF HOPE INTERNATIONAL INC,3
27720,THE VILLAGES,455187087,True,True,True,True,COMBAT VETERANS TO CAREERS,P20,P20,4.277829,FL,45-5187087,COMBAT VETERANS TO CAREERS,3
27780,LEESBURG,593585112,True,True,True,True,COMMUNITY MEDICAL CARE CENTER INC,E32,E32,4.277829,FL,59-3585112,COMMUNITY MEDICAL CARE CENTER INC,3
28112,WILDWOOD,593434399,True,True,True,True,DILLIE BRYANT MANOR ADULT LIVING FACILITY,L22,L22,4.277829,FL,59-3434399,DILLIE BRYANT MANOR ADULT LIVING FACILITY,3
28223,LEESBURG,592962440,True,False,True,True,DRUG FREE INCORPORATED,A12,A12,4.277829,FL,59-2962440,DRUG FREE INCORPORATED,3
28227,LADY LAKE,582187204,True,False,True,True,DUNAMIS MEDICAL MISSIONS INC,E99,E99,4.277829,FL,58-2187204,DUNAMIS MEDICAL MISSIONS INC,3
28258,LEESBURG,593666873,True,True,True,True,EARLY LEARNING COALITION OF LAKE COUNTY,B012,B012,4.277829,FL,59-3666873,EARLY LEARNING COALITION OF LAKE COUNTY,3
28454,LEESBURG,237150336,True,True,True,True,EVANGELISTIC HORIZONS UNLIMITED INCORPORATED,X20Z,X20Z,4.277829,FL,23-7150336,EVANGELISTIC HORIZONS UNLIMITED INCORPORATED ,3
28878,LEESBURG,463156998,True,True,True,True,FLORIDA PRESBYTERIAN DISASTER ASSISTANCE NETWORK,P20,P20,4.277829,FL,46-3156998,FLORIDA PRESBYTERIAN DISASTER ASSISTANCE NETWORK,3
29184,LADY LAKE,593452137,True,True,True,True,FRIENDS OF LADY LAKE LIBRARY INC,B70,B70,4.277829,FL,59-3452137,FRIENDS OF LADY LAKE LIBRARY INC,3
29516,THE VILLAGES,363443743,True,True,True,True,GRAPHIC COMMUNICATIONS INTERNATL UNION 471M HEALTH & WELFARE FUND,J40Z,J40Z,4.277829,FL,36-3443743,GRAPHIC COMMUNICATIONS INTERNATL UNION 471M HEALTH & WELFARE FUND,9
29570,LEESBURG,593688480,True,True,True,True,GREGG STRIMENOS FOUNDATION INC,T20,T20,4.277829,FL,59-3688480,GREGG STRIMENOS FOUNDATION INC,3
29943,LEESBURG,471714999,True,True,True,True,HOPE GLOBAL FOUNDATION INC,P12,P12,4.277829,FL,47-1714999,HOPE GLOBAL FOUNDATION INC,3
30184,THE VILLAGES,331201719,True,True,True,True,INTERNATIONAL ASSOCIATION OF LIONS CLUBS,,,4.277829,FL,33-1201719,INTERNATIONAL ASSOCIATION OF LIONS CLUBS ,4
30401,THE VILLAGES,331143745,True,True,True,True,JAZZ LOVERS CLUB OF THE VILLAGES INC,A68,A68,4.277829,FL,33-1143745,JAZZ LOVERS CLUB OF THE VILLAGES INC,3
30529,LEESBURG,592825965,True,True,True,True,JOY FOUNDATION INC,,,4.277829,FL,59-2825965,JOY FOUNDATION INC,3
30640,THE VILLAGES,766099805,True,True,True,True,KENSAN TRUST,,,4.277829,FL,76-6099805,KENSAN TRUST ,3
30686,THE VILLAGES,432094895,True,True,True,True,KINGDOM CREATIONS ENTERPRISES,P20,P20,4.277829,FL,43-2094895,KINGDOM CREATIONS ENTERPRISES,3
30751,LEESBURG,237379633,True,True,True,True,KNIGHTS OF COLUMBUS,,,4.277829,FL,23-7379633,KNIGHTS OF COLUMBUS ,8
30765,LADY LAKE,592946603,True,True,True,True,KNIGHTS OF COLUMBUS,,,4.277829,FL,59-2946603,KNIGHTS OF COLUMBUS ,8
30843,LEESBURG,592411947,True,True,True,True,LAKE REGION HOMES INC,F33Z,F33Z,4.277829,FL,59-2411947,LAKE REGION HOMES INC,3
30864,LEESBURG,592764834,True,True,True,True,LAKES AT LEESBURG SOCIAL CLUB INC,,,4.277829,FL,59-2764834,LAKES AT LEESBURG SOCIAL CLUB INC,7
30937,LEESBURG,591830071,True,True,True,True,LEESBURG ART FESTIVAL INC,A200,A200,4.277829,FL,59-1830071,LEESBURG ART FESTIVAL INC ,3
30938,LEESBURG,592376754,True,False,True,True,LEESBURG HERITAGE SOCIETY INC,A54,A54,4.277829,FL,59-2376754,LEESBURG HERITAGE SOCIETY INC,3
30939,LEESBURG,590995127,True,True,True,True,LEESBURG HUMANE SOCIETY INC,D200,D200,4.277829,FL,59-0995127,LEESBURG HUMANE SOCIETY INC,3
30940,LEESBURG,593255632,True,True,True,True,LEESBURG PARTNERSHIP,S20Z,S20Z,4.277829,FL,59-3255632,LEESBURG PARTNERSHIP,3
31004,LEESBURG,591561501,True,True,True,True,LIFESTREAM BEHAVIORAL CENTER INC,E24,E24,4.277829,FL,59-1561501,LIFESTREAM BEHAVIORAL CENTER INC,3
31096,LEESBURG,593061368,True,False,True,True,LOGOS CHRISTIAN FELLOWSHIP INC,X20,X20,4.277829,FL,59-3061368,LOGOS CHRISTIAN FELLOWSHIP INC,3
31107,LEESBURG,593760757,True,True,True,True,LONE OAK PRESERVATION TRUST INC,Y50,Y50,4.277829,FL,59-3760757,LONE OAK PRESERVATION TRUST INC,13
31249,THE VILLAGES,743198778,True,True,True,True,MARINE CORPS LEAGUE,,,4.277829,FL,74-3198778,MARINE CORPS LEAGUE ,4
31467,THE VILLAGES,261137037,True,False,True,True,MILITARY ORDER OF THE PURPLE HEART OF THE USA,,,4.277829,FL,26-1137037,MILITARY ORDER OF THE PURPLE HEART OF THE USA ,19
31990,LEESBURG,203848487,True,False,True,True,ON THE GO FOR JESUS MINISTRIES INC,K35,K35,4.277829,FL,20-3848487,ON THE GO FOR JESUS MINISTRIES INC,3
32708,LEESBURG,591987269,True,True,True,True,PUBLIC HOUSING ASSISTANCE INC,L20Z,L20Z,4.277829,FL,59-1987269,PUBLIC HOUSING ASSISTANCE INC,2
32713,THE VILLAGES,141866385,True,True,True,True,PUG RESCUE OF FLORIDA INC,D20,D20,4.277829,FL,14-1866385,PUG RESCUE OF FLORIDA INC,3
33226,THE VILLAGES,526050012,True,True,True,True,SCHOLARSHIP FOUNDATION OF THE NAVY WIVES CLUBS OF AMERICA,B82Z,B82Z,4.277829,FL,52-6050012,SCHOLARSHIP FOUNDATION OF THE NAVY WIVES CLUBS OF AMERICA,3
33313,LEESBURG,593155983,True,True,True,True,SEVILLE FARM FAMILY HOUSING ASSOCIATION INC,L21Z,L21Z,4.277829,FL,59-3155983,SEVILLE FARM FAMILY HOUSING ASSOCIATION INC,3
33671,LADY LAKE,592716563,True,False,True,True,ST TIMOTHY CATHOLIC CHURCH,,,4.277829,FL,59-2716563,ST TIMOTHY CATHOLIC CHURCH,3
33715,LEESBURG,743158328,True,True,True,True,STEPPING STONE COALITION INC,P60,P60,4.277829,FL,74-3158328,STEPPING STONE COALITION INC,3
33767,THE VILLAGES,592832446,True,True,True,True,SUN COUNTRY AERO CLUB INC,,,4.277829,FL,59-2832446,SUN COUNTRY AERO CLUB INC,7
34111,LADY LAKE,593761154,True,True,True,True,THE MACHACEK-KENLIN FOUNDATION INC,T22,T22,4.277829,FL,59-3761154,THE MACHACEK-KENLIN FOUNDATION INC,3
34137,LADY LAKE,550797401,True,True,True,True,THE ORANGE BLOSSOM GARDENS LIONS FOUNDATION INC,S82,S82,4.277829,FL,55-0797401,THE ORANGE BLOSSOM GARDENS LIONS FOUNDATION INC ,3
34198,THE VILLAGES,593606336,True,True,True,True,THE VILLAGES HEALTH SYSTEM FOUNDATION INC,E118,E118,4.277829,FL,59-3606336,THE VILLAGES HEALTH SYSTEM FOUNDATION INC,3
34199,THE VILLAGES,743235722,True,True,True,True,THE VILLAGES THEATER COMPANY INC,F20,F20,4.277829,FL,74-3235722,THE VILLAGES THEATER COMPANY INC,3
34375,SUMMERFIELD,454815598,True,False,True,True,TUTORS FOR KIDS INCORPORATED,B90,B90,4.277829,FL,45-4815598,TUTORS FOR KIDS INCORPORATED,3
34446,THE VILLAGES,522067550,True,True,True,True,UNITED STATES DEAF GOLF ASSOCIATION INC,N6A,N6A,4.277829,FL,52-2067550,UNITED STATES DEAF GOLF ASSOCIATION INC,3
34448,WILDWOOD,237344376,True,True,True,True,UNITED STATES MARINE CORPS COMBAT CORRESPENDENTS ASSOCIATION INC,,,4.277829,FL,23-7344376,UNITED STATES MARINE CORPS COMBAT CORRESPENDENTS ASSOCIATION INC,7
34467,LEESBURG,591143758,True,True,True,True,UNITED WAY OF LAKE AND SUMTER COUNTIES INC,T70,T70,4.277829,FL,59-1143758,UNITED WAY OF LAKE AND SUMTER COUNTIES INC,3
34561,THE VILLAGES,205542978,True,True,True,True,VENICE BUTTERFLY FOUNDATION INC,B90,B90,4.277829,FL,20-5542978,VENICE BUTTERFLY FOUNDATION INC,3
34677,THE VILLAGES,471817320,True,True,True,True,VILLAGERS FOR VETERANS INC,W30,W30,4.277829,FL,47-1817320,VILLAGERS FOR VETERANS INC,3
34678,THE VILLAGES,593527036,True,True,True,True,VILLAGES TRI-COUNTY MEDICAL CENTER INC,E220,E220,4.277829,FL,59-3527036,VILLAGES TRI-COUNTY MEDICAL CENTER INC,3
34679,THE VILLAGES,141851595,True,True,True,True,VILLAGES WOODWORKERS CLUB INC,S20,S20,4.277829,FL,14-1851595,VILLAGES WOODWORKERS CLUB INC,3
34769,THE VILLAGES,593038379,True,True,True,True,WAY WAY WAY OFF BROADWAY PLAYERS INC,A60,A60,4.277829,FL,59-3038379,WAY WAY WAY OFF BROADWAY PLAYERS INC,3
34872,WILDWOOD,320322136,True,True,True,True,WILDWOOD COMMUNITY DEVELOPMENT CENTER INC,P20,P20,4.277829,FL,32-0322136,WILDWOOD COMMUNITY DEVELOPMENT CENTER INC,3
34873,WILDWOOD,453339591,True,True,True,True,WILDWOOD SOUP KITCHEN INC,K35,K35,4.277829,FL,45-3339591,WILDWOOD SOUP KITCHEN INC,3
35222,LADY LAKE,541688752,True,True,True,True,AIR FORCE PUBLIC AFFAIRS ALUMNI ASSOCIATION INC,,,4.271313,FL,54-1688752,AIR FORCE PUBLIC AFFAIRS ALUMNI ASSOCIATION INC,19
35237,LEESBURG,593332046,True,True,True,True,ALBERT LEROY BROWN FOUNDATION INC,T50Z,T50Z,4.271313,FL,59-3332046,ALBERT LEROY BROWN FOUNDATION INC,3
35265,THE VILLAGES,510637002,True,True,True,True,ALL ONE FAMILY INC,P58,P58,4.271313,FL,51-0637002,ALL ONE FAMILY INC ,3
35305,LEESBURG,592286019,True,False,True,True,ALTRUSA INTERNATIONAL INC,,,4.271313,FL,59-2286019,ALTRUSA INTERNATIONAL INC ,4
35353,SUMMERFIELD,521162229,True,True,True,True,AMERICAN COLLEGE OF VETERINARY PREVENTIVE MEDICINE,,,4.271313,FL,52-1162229,AMERICAN COLLEGE OF VETERINARY PREVENTIVE MEDICINE,6
35601,LEESBURG,593603031,True,True,True,True,ARTS ASSOCIATION OF LAKE COUNTY INC,A03,A03,4.271313,FL,59-3603031,ARTS ASSOCIATION OF LAKE COUNTY INC,3
35853,LADY LAKE,300530801,True,True,True,True,BETTY JO MOFFITT PATTERSON CHARITABLE FOUNDATION UTA 07011997,T22,T22,4.271313,FL,30-0530801,BETTY JO MOFFITT PATTERSON CHARITABLE FOUNDATION UTA 07011997 ,3
36034,THE VILLAGES,261895339,True,True,True,True,BRIDGEPORT AT LAKE SUMTER SOCIAL CLUB,N50,N50,4.271313,FL,26-1895339,BRIDGEPORT AT LAKE SUMTER SOCIAL CLUB,7
36178,THE VILLAGES,275411277,True,True,True,True,CARING SHARING VILLAGERS INC,P20,P20,4.271313,FL,27-5411277,CARING SHARING VILLAGERS INC,3
36191,LEESBURG,593433964,True,True,True,True,CARVER LEARNING CENTER,P33,P33,4.271313,FL,59-3433964,CARVER LEARNING CENTER,3
36463,LEESBURG,592397568,True,False,True,True,CHRISTIAN MINISTRIES INTERNATIONAL OF LEESBURG INC,,,4.271313,FL,59-2397568,CHRISTIAN MINISTRIES INTERNATIONAL OF LEESBURG INC,3
36871,LEESBURG,550813855,True,False,True,True,DANNIE WILLIAMS MINISTRIES INC,X20,X20,4.271313,FL,55-0813855,DANNIE WILLIAMS MINISTRIES INC,3
36997,LEESBURG,596211869,True,True,True,True,DISABLED AMERICAN VETERANS,,,4.271313,FL,59-6211869,DISABLED AMERICAN VETERANS ,4
37699,SUMMERFIELD,900915196,True,False,True,True,FLORIDA KIDS HELPING KIDS INCORPORATED,O12,O12,4.271313,FL,90-0915196,FLORIDA KIDS HELPING KIDS INCORPORATED ,3
37910,THE VILLAGES,270982239,True,True,True,True,FOUNDATION FOR THE FLORIDA HORSE PARK INC,D20,D20,4.271313,FL,27-0982239,FOUNDATION FOR THE FLORIDA HORSE PARK INC,3
37982,LEESBURG,208446297,True,False,True,True,FREE & ACCEPTED MASONS OF FLORIDA,Y40Z,Y40Z,4.271313,FL,20-8446297,FREE & ACCEPTED MASONS OF FLORIDA ,10
38025,THE VILLAGES,593523563,True,False,True,True,FREE & ACCEPTED MASONS OF FLORIDA,,,4.271313,FL,59-3523563,FREE & ACCEPTED MASONS OF FLORIDA ,10
38321,LEESBURG,461486059,True,True,True,True,GLACC INC,P30,P30,4.271313,FL,46-1486059,GLACC INC,3
38438,LADY LAKE,593713450,True,False,True,True,GREATER LADY LAKE DOG PARK ASSN INC,D99,D99,4.271313,FL,59-3713450,GREATER LADY LAKE DOG PARK ASSN INC,3
38531,THE VILLAGES,592958036,True,True,True,True,HABITAT FOR HUMANITY INTERNATIONAL INC,L20Z,L20Z,4.271313,FL,59-2958036,HABITAT FOR HUMANITY INTERNATIONAL INC ,3
38545,LEESBURG,592196112,True,True,True,True,HAINES CITY COMMUNITY DEVELOPMENT INC,,,4.271313,FL,59-2196112,HAINES CITY COMMUNITY DEVELOPMENT INC,3
38623,LEESBURG,591258427,True,True,True,True,HAVEN OF LAKE AND SUMTER COUNTIES INC,P430,P430,4.271313,FL,59-1258427,HAVEN OF LAKE AND SUMTER COUNTIES INC,3
38803,LEESBURG,271324242,True,True,True,True,HOLLOWAY INSTITUTE FOR WATER CONSERVATION INC,C32,C32,4.271313,FL,27-1324242,HOLLOWAY INSTITUTE FOR WATER CONSERVATION INC,3
38937,THE VILLAGES,208619685,True,True,True,True,IDEAL BALDONI MINISTRIES INC,X200,X200,4.271313,FL,20-8619685,IDEAL BALDONI MINISTRIES INC,3
38999,SUMMERFIELD,522401964,True,True,True,True,INNER AWARENESS MINISTRIES INC,X20,X20,4.271313,FL,52-2401964,INNER AWARENESS MINISTRIES INC,3
39525,LADY LAKE,800335556,True,True,True,True,KIWANIS CLUB OF LADY LAKE CHARITABLE FOUNDATION INC,T20,T20,4.271313,FL,80-0335556,KIWANIS CLUB OF LADY LAKE CHARITABLE FOUNDATION INC,3
39533,LEESBURG,591667940,True,True,True,True,KIWANIS INTERNATIONAL INC,,,4.271313,FL,59-1667940,KIWANIS INTERNATIONAL INC ,4
39622,LADY LAKE,592427182,True,True,True,True,LADY LAKE AREA CHAMBER OF COMMERCE,S41,S41,4.271313,FL,59-2427182,LADY LAKE AREA CHAMBER OF COMMERCE ,6
39625,LEESBURG,592520099,True,True,True,True,LAKE & SUMTER COUNTRIES UNITED WAY FOUNDATION INC,T70Z,T70Z,4.271313,FL,59-2520099,LAKE & SUMTER COUNTRIES UNITED WAY FOUNDATION INC,3
39683,THE VILLAGES,66502822,True,True,True,True,LARRY W MCCURDY FAMILY FOUNDATION TR,T20,T20,4.271313,FL,06-6502822,LARRY W MCCURDY FAMILY FOUNDATION TR,3
39801,LEESBURG,392070096,True,True,True,True,LIFE SAVING STATIONS INC,Q19,Q19,4.271313,FL,39-2070096,LIFE SAVING STATIONS INC ,3
39809,THE VILLAGES,582342604,True,True,True,True,LIFES ANSWER CHURCH INC,X20,X20,4.271313,FL,58-2342604,LIFES ANSWER CHURCH INC ,3
39881,LADY LAKE,593294309,True,True,True,True,LITTLE LEAGUE BASEBALL INC,,,4.271313,FL,59-3294309,LITTLE LEAGUE BASEBALL INC ,3
40210,LEESBURG,592697223,True,True,True,True,MERCY FLIGHT SOUTHEAST INC,E62,E62,4.271313,FL,59-2697223,MERCY FLIGHT SOUTHEAST INC ,3
40294,LEESBURG,591800444,True,True,True,True,MID FLORIDA LAKES HOMEOWNERS ASSOCIATION INC,,,4.271313,FL,59-1800444,MID FLORIDA LAKES HOMEOWNERS ASSOCIATION INC,7
40359,LEESBURG,382826814,True,True,True,True,MIRACLE JOY MINISTRIES INC,,,4.271313,FL,38-2826814,MIRACLE JOY MINISTRIES INC,3
40377,THE VILLAGES,331147644,True,True,True,True,MISSION NEXT INC,X20,X20,4.271313,FL,33-1147644,MISSION NEXT INC,3
40889,SUMMERFIELD,593546419,True,True,True,True,ORANGE BLOSSOM HILLS COMMUNITY PATROL,I20,I20,4.271313,FL,59-3546419,ORANGE BLOSSOM HILLS COMMUNITY PATROL,4
41262,LEESBURG,61227113,True,False,True,True,PLATE NUMBER COIL COLLECTORS CLUB,,,4.271313,FL,06-1227113,PLATE NUMBER COIL COLLECTORS CLUB,4
41607,LEESBURG,411697703,True,True,True,True,PYROTECHNICS GUILD INTL INC,,,4.271313,FL,41-1697703,PYROTECHNICS GUILD INTL INC,6
41865,LEESBURG,460788872,True,True,True,True,ROTARY CLUB OF LEESBURG FLORIDA FOUNDATION INC,S80,S80,4.271313,FL,46-0788872,ROTARY CLUB OF LEESBURG FLORIDA FOUNDATION INC,3
41900,LADY LAKE,364089894,True,True,True,True,ROTARY INTERNATIONAL,,,4.271313,FL,36-4089894,ROTARY INTERNATIONAL ,4
42068,THE VILLAGES,462784776,True,True,True,True,SANTORO EDUCATION OF LIFESKILLS FOUNDATION INC,B99,B99,4.271313,FL,46-2784776,SANTORO EDUCATION OF LIFESKILLS FOUNDATION INC,3
42290,LEESBURG,571214912,True,True,True,True,SISTERS CARING & SHARING,W99,W99,4.271313,FL,57-1214912,SISTERS CARING & SHARING,3
42681,LEESBURG,275062397,True,True,True,True,SUMTER SUNSHINE FOUNDATION,T31,T31,4.271313,FL,27-5062397,SUMTER SUNSHINE FOUNDATION,3
42752,SUMMERFIELD,272979804,True,True,True,True,SWING FOR THE CURE INC,G54,G54,4.271313,FL,27-2979804,SWING FOR THE CURE INC,3
43375,WILDWOOD,760536573,True,True,True,True,UNITED STATES MARINE CORPUS COMBAT CORRESPONDENTS ASSN FOUNDATION,B82,B82,4.271313,FL,76-0536573,UNITED STATES MARINE CORPUS COMBAT CORRESPONDENTS ASSN FOUNDATION,3
43581,LADY LAKE,593738852,True,True,True,True,VILLAGES MUSICAL COMPANY,A65,A65,4.271313,FL,59-3738852,VILLAGES MUSICAL COMPANY,3
43582,THE VILLAGES,200307063,True,True,True,True,VILLAGES PHILHARMONIC,A69,A69,4.271313,FL,20-0307063,VILLAGES PHILHARMONIC,3
43840,SUMMERFIELD,593173464,True,True,True,True,WORLD ANIMAL CARE FOUNDATION INC,,,4.271313,FL,59-3173464,WORLD ANIMAL CARE FOUNDATION INC,3
