,accounting_period,activity_codes,address,affiliation_code,asset_amount,asset_code,careofname,city,classification_codes,created_at,data_source,deductibility_code,ein,exempt_organization_status_code,exemption_number,filing_requirement_code,formtype,formtype_str,foundation_code,id,income_amount,income_code,name,ntee_code,organization_code,pdf_url,pf_filing_requirement_code,revenue_amount,ruling_date,sort_name,state,subsection_code,tax_period,tax_prd,tax_prd_yr,updated_at,zipcode
0,12,000000000,601 CASA BELLA,3,1982289,6,% PATRICIA W REYNOLDS PRES,THE VILLAGES,1000,2017-08-29T17:17:57.752Z,,1,593738721,1,0,1,1,990EZ,15,593738721,180070,4,VILLAGERS FOR HOSPICE INC,P74,1,https://projects.propublica.org/nonprofits/download-filing?path=2011_05_EO%2F59-3738721_990EZ_201012.pdf,0,175142,2002-02-01,,FL,3,,201012,2010,2017-08-29T17:17:57.752Z,32162-3640
1,12,000000000,601 CASA BELLA,3,1982289,6,% PATRICIA W REYNOLDS PRES,THE VILLAGES,1000,2017-08-29T17:17:57.752Z,,1,593738721,1,0,1,1,990EZ,15,593738721,180070,4,VILLAGERS FOR HOSPICE INC,P74,1,https://projects.propublica.org/nonprofits/download-filing?path=2010_06_EO%2F59-3738721_990EZ_200912.pdf,0,175142,2002-02-01,,FL,3,,200912,2009,2017-08-29T17:17:57.752Z,32162-3640
2,12,000000000,601 CASA BELLA,3,1982289,6,% PATRICIA W REYNOLDS PRES,THE VILLAGES,1000,2017-08-29T17:17:57.752Z,,1,593738721,1,0,1,1,990EZ,15,593738721,180070,4,VILLAGERS FOR HOSPICE INC,P74,1,https://projects.propublica.org/nonprofits/download-filing?path=2009_08_EO%2F59-3738721_990EZ_200812.pdf,0,175142,2002-02-01,,FL,3,,200812,2008,2017-08-29T17:17:57.752Z,32162-3640
3,12,000000000,601 CASA BELLA,3,1982289,6,% PATRICIA W REYNOLDS PRES,THE VILLAGES,1000,2017-08-29T17:17:57.752Z,,1,593738721,1,0,1,0,990,15,593738721,180070,4,VILLAGERS FOR HOSPICE INC,P74,1,https://projects.propublica.org/nonprofits/download-filing?path=2008_08_EO%2F59-3738721_990_200712.pdf,0,175142,2002-02-01,,FL,3,,200712,2007,2017-08-29T17:17:57.752Z,32162-3640
4,12,000000000,601 CASA BELLA,3,1982289,6,% PATRICIA W REYNOLDS PRES,THE VILLAGES,1000,2017-08-29T17:17:57.752Z,,1,593738721,1,0,1,0,990,15,593738721,180070,4,VILLAGERS FOR HOSPICE INC,P74,1,https://projects.propublica.org/nonprofits/download-filing?path=2007_08_EO%2F59-3738721_990_200612.pdf,0,175142,2002-02-01,,FL,3,,200612,2006,2017-08-29T17:17:57.752Z,32162-3640
5,12,000000000,601 CASA BELLA,3,1982289,6,% PATRICIA W REYNOLDS PRES,THE VILLAGES,1000,2017-08-29T17:17:57.752Z,,1,593738721,1,0,1,0,990,15,593738721,180070,4,VILLAGERS FOR HOSPICE INC,P74,1,https://projects.propublica.org/nonprofits/download-filing?path=2006_12_EO%2F59-3738721_990_200512.pdf,0,175142,2002-02-01,,FL,3,,200512,2005,2017-08-29T17:17:57.752Z,32162-3640
6,12,000000000,601 CASA BELLA,3,1982289,6,% PATRICIA W REYNOLDS PRES,THE VILLAGES,1000,2017-08-29T17:17:57.752Z,,1,593738721,1,0,1,0,990,15,593738721,180070,4,VILLAGERS FOR HOSPICE INC,P74,1,https://projects.propublica.org/nonprofits/download-filing?path=2005_06_EO%2F59-3738721_990_200412.pdf,0,175142,2002-02-01,,FL,3,,200412,2004,2017-08-29T17:17:57.752Z,32162-3640
7,12,000000000,601 CASA BELLA,3,1982289,6,% PATRICIA W REYNOLDS PRES,THE VILLAGES,1000,2017-08-29T17:17:57.752Z,,1,593738721,1,0,1,0,990,15,593738721,180070,4,VILLAGERS FOR HOSPICE INC,P74,1,https://projects.propublica.org/nonprofits/download-filing?path=2004_04_EO%2F59-3738721_990_200312.pdf,0,175142,2002-02-01,,FL,3,,200312,2003,2017-08-29T17:17:57.752Z,32162-3640
8,12,000000000,601 CASA BELLA,3,1982289,6,% PATRICIA W REYNOLDS PRES,THE VILLAGES,1000,2017-08-29T17:17:57.752Z,,1,593738721,1,0,1,0,990,15,593738721,180070,4,VILLAGERS FOR HOSPICE INC,P74,1,https://projects.propublica.org/nonprofits/download-filing?path=2003_04_EO%2F59-3738721_990_200212.pdf,0,175142,2002-02-01,,FL,3,,200212,2002,2017-08-29T17:17:57.752Z,32162-3640
9,12,000000000,601 CASA BELLA,3,1982289,6,% PATRICIA W REYNOLDS PRES,THE VILLAGES,1000,2017-08-29T17:17:57.752Z,,1,593738721,1,0,1,1,990EZ,15,593738721,180070,4,VILLAGERS FOR HOSPICE INC,P74,1,https://projects.propublica.org/nonprofits/download-filing?path=2002_05_EO%2F59-3738721_990EZ_200112.pdf,0,175142,2002-02-01,,FL,3,,200112,2001,2017-08-29T17:17:57.752Z,32162-3640
10,12,000000000,PO BOX 1762,3,89676,3,% MARGE OKANE,WILDWOOD,1000,2017-08-29T17:16:17.395Z,,1,453339591,1,0,1,1,990EZ,15,453339591,191384,4,WILDWOOD SOUP KITCHEN INC,K35,1,https://projects.propublica.org/nonprofits/download-filing?path=2017_03_EO%2F45-3339591_990EZ_201612.pdf,0,191384,2011-11-01,,FL,3,,201612,2016,2017-08-29T17:16:17.395Z,34785-1762
11,6,000000000,1501 N US HIGHWAY 441 STE 1829,3,2764506,6,% RICHARD CAMPBELL PRES,THE VILLAGES,1000,2017-08-29T17:17:30.350Z,,1,550818419,1,0,1,0,990,17,550818419,1249287,6,VILLAGES REGIONAL HOSPITAL AUXILIARY INC,E112,1,https://projects.propublica.org/nonprofits/download-filing?path=2011_05_EO%2F55-0818419_990_201006.pdf,0,1155931,2005-06-01,,FL,3,,201006,2010,2017-08-29T17:17:30.350Z,32159-6807
12,6,000000000,1501 N US HIGHWAY 441 STE 1829,3,2764506,6,% RICHARD CAMPBELL PRES,THE VILLAGES,1000,2017-08-29T17:17:30.350Z,,1,550818419,1,0,1,1,990EZ,17,550818419,1249287,6,VILLAGES REGIONAL HOSPITAL AUXILIARY INC,E112,1,https://projects.propublica.org/nonprofits/download-filing?path=2010_07_EO%2F55-0818419_990EZ_200906.pdf,0,1155931,2005-06-01,,FL,3,,200906,2009,2017-08-29T17:17:30.350Z,32159-6807
13,6,000000000,1501 N US HIGHWAY 441 STE 1829,3,2764506,6,% RICHARD CAMPBELL PRES,THE VILLAGES,1000,2017-08-29T17:17:30.350Z,,1,550818419,1,0,1,0,,17,550818419,1249287,6,VILLAGES REGIONAL HOSPITAL AUXILIARY INC,E112,1,https://projects.propublica.org/nonprofits/download-filing?path=2010_10_EO%2F55-0818419_990ER_200906.pdf,0,1155931,2005-06-01,,FL,3,,200906,2009,2017-08-29T17:17:30.350Z,32159-6807
14,6,000000000,1501 N US HIGHWAY 441 STE 1829,3,2764506,6,% RICHARD CAMPBELL PRES,THE VILLAGES,1000,2017-08-29T17:17:30.350Z,,1,550818419,1,0,1,0,990,17,550818419,1249287,6,VILLAGES REGIONAL HOSPITAL AUXILIARY INC,E112,1,https://projects.propublica.org/nonprofits/download-filing?path=2009_01_EO%2F55-0818419_990_200806.pdf,0,1155931,2005-06-01,,FL,3,,200806,2008,2017-08-29T17:17:30.350Z,32159-6807
15,6,000000000,1501 N US HIGHWAY 441 STE 1829,3,2764506,6,% RICHARD CAMPBELL PRES,THE VILLAGES,1000,2017-08-29T17:17:30.350Z,,1,550818419,1,0,1,0,990,17,550818419,1249287,6,VILLAGES REGIONAL HOSPITAL AUXILIARY INC,E112,1,https://projects.propublica.org/nonprofits/download-filing?path=2007_12_EO%2F55-0818419_990_200706.pdf,0,1155931,2005-06-01,,FL,3,,200706,2007,2017-08-29T17:17:30.350Z,32159-6807
16,6,000000000,1501 N US HIGHWAY 441 STE 1829,3,2764506,6,% RICHARD CAMPBELL PRES,THE VILLAGES,1000,2017-08-29T17:17:30.350Z,,1,550818419,1,0,1,0,,17,550818419,1249287,6,VILLAGES REGIONAL HOSPITAL AUXILIARY INC,E112,1,https://projects.propublica.org/nonprofits/download-filing?path=2008_05_EO%2F55-0818419_990R_200706.pdf,0,1155931,2005-06-01,,FL,3,,200706,2007,2017-08-29T17:17:30.350Z,32159-6807
17,6,000000000,1501 N US HIGHWAY 441 STE 1829,3,2764506,6,% RICHARD CAMPBELL PRES,THE VILLAGES,1000,2017-08-29T17:17:30.350Z,,1,550818419,1,0,1,0,990,17,550818419,1249287,6,VILLAGES REGIONAL HOSPITAL AUXILIARY INC,E112,1,https://projects.propublica.org/nonprofits/download-filing?path=2006_12_EO%2F55-0818419_990_200606.pdf,0,1155931,2005-06-01,,FL,3,,200606,2006,2017-08-29T17:17:30.350Z,32159-6807
18,6,000000000,1501 N US HIGHWAY 441 STE 1829,3,2764506,6,% RICHARD CAMPBELL PRES,THE VILLAGES,1000,2017-08-29T17:17:30.350Z,,1,550818419,1,0,1,0,990,17,550818419,1249287,6,VILLAGES REGIONAL HOSPITAL AUXILIARY INC,E112,1,https://projects.propublica.org/nonprofits/download-filing?path=2006_07_EO%2F55-0818419_990_200506.pdf,0,1155931,2005-06-01,,FL,3,,200506,2005,2017-08-29T17:17:30.350Z,32159-6807
19,6,000000000,1501 N US HIGHWAY 441 STE 1829,3,2764506,6,% RICHARD CAMPBELL PRES,THE VILLAGES,1000,2017-08-29T17:17:30.350Z,,1,550818419,1,0,1,0,990,17,550818419,1249287,6,VILLAGES REGIONAL HOSPITAL AUXILIARY INC,E112,1,https://projects.propublica.org/nonprofits/download-filing?path=2006_07_EO%2F55-0818419_990_200406.pdf,0,1155931,2005-06-01,,FL,3,,200406,2004,2017-08-29T17:17:30.350Z,32159-6807
20,12,000000000,251 BUFFALO TRL,3,1075829,6,% RANDY MCDANIEL,THE VILLAGES,1000,2017-08-29T17:14:26.164Z,,1,204450548,1,0,1,0,,15,204450548,853547,5,BUFFALO SCHOLARSHIPS FOUNDATION INC,B82,1,https://projects.propublica.org/nonprofits/download-filing?path=2011_06_EO%2F20-4450548_990EO_201012.pdf,0,596649,2006-06-01,RANDY MCDANIEL TTEE,FL,3,,201012,2010,2017-08-29T17:14:26.164Z,32162-7176
21,12,000000000,251 BUFFALO TRL,3,1075829,6,% RANDY MCDANIEL,THE VILLAGES,1000,2017-08-29T17:14:26.164Z,,1,204450548,1,0,1,0,,15,204450548,853547,5,BUFFALO SCHOLARSHIPS FOUNDATION INC,B82,1,https://projects.propublica.org/nonprofits/download-filing?path=2010_07_EO%2F20-4450548_990EO_200912.pdf,0,596649,2006-06-01,RANDY MCDANIEL TTEE,FL,3,,200912,2009,2017-08-29T17:14:26.164Z,32162-7176
22,12,000000000,251 BUFFALO TRL,3,1075829,6,% RANDY MCDANIEL,THE VILLAGES,1000,2017-08-29T17:14:26.164Z,,1,204450548,1,0,1,1,990EZ,15,204450548,853547,5,BUFFALO SCHOLARSHIPS FOUNDATION INC,B82,1,https://projects.propublica.org/nonprofits/download-filing?path=2009_06_EO%2F20-4450548_990EZ_200812.pdf,0,596649,2006-06-01,RANDY MCDANIEL TTEE,FL,3,,200812,2008,2017-08-29T17:14:26.164Z,32162-7176
23,12,000000000,251 BUFFALO TRL,3,1075829,6,% RANDY MCDANIEL,THE VILLAGES,1000,2017-08-29T17:14:26.164Z,,1,204450548,1,0,1,1,990EZ,15,204450548,853547,5,BUFFALO SCHOLARSHIPS FOUNDATION INC,B82,1,https://projects.propublica.org/nonprofits/download-filing?path=2008_06_EO%2F20-4450548_990EZ_200712.pdf,0,596649,2006-06-01,RANDY MCDANIEL TTEE,FL,3,,200712,2007,2017-08-29T17:14:26.164Z,32162-7176
24,6,398380000,900 MAIN ST STE 210,9,6550140,7,% JIM FISCHER,THE VILLAGES,1000,2017-08-29T17:17:53.143Z,,1,592958036,1,8545,1,0,990,15,592958036,5127089,7,HABITAT FOR HUMANITY INTERNATIONAL INC,L20Z,1,https://projects.propublica.org/nonprofits/download-filing?path=2012_01_EO%2F59-2958036_990_201106.pdf,0,2995715,1987-01-01,HFH OF LAKE SUMTER FL,FL,3,,201106,2011,2017-08-29T17:17:53.143Z,32159-7726
25,6,398380000,900 MAIN ST STE 210,9,6550140,7,% JIM FISCHER,THE VILLAGES,1000,2017-08-29T17:17:53.143Z,,1,592958036,1,8545,1,0,990,15,592958036,5127089,7,HABITAT FOR HUMANITY INTERNATIONAL INC,L20Z,1,https://projects.propublica.org/nonprofits/download-filing?path=2010_12_EO%2F59-2958036_990_201006.pdf,0,2995715,1987-01-01,HFH OF LAKE SUMTER FL,FL,3,,201006,2010,2017-08-29T17:17:53.143Z,32159-7726
26,6,398380000,900 MAIN ST STE 210,9,6550140,7,% JIM FISCHER,THE VILLAGES,1000,2017-08-29T17:17:53.143Z,,1,592958036,1,8545,1,0,990,15,592958036,5127089,7,HABITAT FOR HUMANITY INTERNATIONAL INC,L20Z,1,https://projects.propublica.org/nonprofits/download-filing?path=2009_12_EO%2F59-2958036_990_200906.pdf,0,2995715,1987-01-01,HFH OF LAKE SUMTER FL,FL,3,,200906,2009,2017-08-29T17:17:53.143Z,32159-7726
27,6,398380000,900 MAIN ST STE 210,9,6550140,7,% JIM FISCHER,THE VILLAGES,1000,2017-08-29T17:17:53.143Z,,1,592958036,1,8545,1,0,990,15,592958036,5127089,7,HABITAT FOR HUMANITY INTERNATIONAL INC,L20Z,1,https://projects.propublica.org/nonprofits/download-filing?path=2008_12_EO%2F59-2958036_990_200806.pdf,0,2995715,1987-01-01,HFH OF LAKE SUMTER FL,FL,3,,200806,2008,2017-08-29T17:17:53.143Z,32159-7726
28,6,398380000,900 MAIN ST STE 210,9,6550140,7,% JIM FISCHER,THE VILLAGES,1000,2017-08-29T17:17:53.143Z,,1,592958036,1,8545,1,0,990,15,592958036,5127089,7,HABITAT FOR HUMANITY INTERNATIONAL INC,L20Z,1,https://projects.propublica.org/nonprofits/download-filing?path=2008_01_EO%2F59-2958036_990_200706.pdf,0,2995715,1987-01-01,HFH OF LAKE SUMTER FL,FL,3,,200706,2007,2017-08-29T17:17:53.143Z,32159-7726
29,6,398380000,900 MAIN ST STE 210,9,6550140,7,% JIM FISCHER,THE VILLAGES,1000,2017-08-29T17:17:53.143Z,,1,592958036,1,8545,1,0,990,15,592958036,5127089,7,HABITAT FOR HUMANITY INTERNATIONAL INC,L20Z,1,https://projects.propublica.org/nonprofits/download-filing?path=2006_12_EO%2F59-2958036_990_200606.pdf,0,2995715,1987-01-01,HFH OF LAKE SUMTER FL,FL,3,,200606,2006,2017-08-29T17:17:53.143Z,32159-7726
30,6,398380000,900 MAIN ST STE 210,9,6550140,7,% JIM FISCHER,THE VILLAGES,1000,2017-08-29T17:17:53.143Z,,1,592958036,1,8545,1,0,990,15,592958036,5127089,7,HABITAT FOR HUMANITY INTERNATIONAL INC,L20Z,1,https://projects.propublica.org/nonprofits/download-filing?path=2005_11_EO%2F59-2958036_990_200506.pdf,0,2995715,1987-01-01,HFH OF LAKE SUMTER FL,FL,3,,200506,2005,2017-08-29T17:17:53.143Z,32159-7726
31,6,398380000,900 MAIN ST STE 210,9,6550140,7,% JIM FISCHER,THE VILLAGES,1000,2017-08-29T17:17:53.143Z,,1,592958036,1,8545,1,0,990,15,592958036,5127089,7,HABITAT FOR HUMANITY INTERNATIONAL INC,L20Z,1,https://projects.propublica.org/nonprofits/download-filing?path=2004_11_EO%2F59-2958036_990_200406.pdf,0,2995715,1987-01-01,HFH OF LAKE SUMTER FL,FL,3,,200406,2004,2017-08-29T17:17:53.143Z,32159-7726
32,6,398380000,900 MAIN ST STE 210,9,6550140,7,% JIM FISCHER,THE VILLAGES,1000,2017-08-29T17:17:53.143Z,,1,592958036,1,8545,1,0,990,15,592958036,5127089,7,HABITAT FOR HUMANITY INTERNATIONAL INC,L20Z,1,https://projects.propublica.org/nonprofits/download-filing?path=2004_02_EO%2F59-2958036_990_200306.pdf,0,2995715,1987-01-01,HFH OF LAKE SUMTER FL,FL,3,,200306,2003,2017-08-29T17:17:53.143Z,32159-7726
33,6,398380000,900 MAIN ST STE 210,9,6550140,7,% JIM FISCHER,THE VILLAGES,1000,2017-08-29T17:17:53.143Z,,1,592958036,1,8545,1,0,990,15,592958036,5127089,7,HABITAT FOR HUMANITY INTERNATIONAL INC,L20Z,1,https://projects.propublica.org/nonprofits/download-filing?path=2003_03_EO%2F59-2958036_990_200206.pdf,0,2995715,1987-01-01,HFH OF LAKE SUMTER FL,FL,3,,200206,2002,2017-08-29T17:17:53.143Z,32159-7726
34,6,398380000,900 MAIN ST STE 210,9,6550140,7,% JIM FISCHER,THE VILLAGES,1000,2017-08-29T17:17:53.143Z,,1,592958036,1,8545,1,0,990,15,592958036,5127089,7,HABITAT FOR HUMANITY INTERNATIONAL INC,L20Z,1,https://projects.propublica.org/nonprofits/download-filing?path=2002_06_EO%2F59-2958036_990_200106.pdf,0,2995715,1987-01-01,HFH OF LAKE SUMTER FL,FL,3,,200106,2001,2017-08-29T17:17:53.143Z,32159-7726
35,6,602000000,32644 BLOSSOM LN,3,2792247,6,,LEESBURG,1000,2017-08-29T17:17:47.395Z,,1,591143758,1,0,1,0,990,15,591143758,1365341,6,UNITED WAY OF LAKE AND SUMTER COUNTIES INC,T70,1,https://projects.propublica.org/nonprofits/download-filing?path=2011_06_EO%2F59-1143758_990_201006.pdf,0,1339671,1967-09-01,,FL,3,,201006,2010,2017-08-29T17:17:47.395Z,34788-3928
36,6,602000000,32644 BLOSSOM LN,3,2792247,6,,LEESBURG,1000,2017-08-29T17:17:47.395Z,,1,591143758,1,0,1,0,990,15,591143758,1365341,6,UNITED WAY OF LAKE AND SUMTER COUNTIES INC,T70,1,https://projects.propublica.org/nonprofits/download-filing?path=2011_02_EO%2F59-1143758_990_200912.pdf,0,1339671,1967-09-01,,FL,3,,200912,2009,2017-08-29T17:17:47.395Z,34788-3928
37,6,602000000,32644 BLOSSOM LN,3,2792247,6,,LEESBURG,1000,2017-08-29T17:17:47.395Z,,1,591143758,1,0,1,0,990,15,591143758,1365341,6,UNITED WAY OF LAKE AND SUMTER COUNTIES INC,T70,1,https://projects.propublica.org/nonprofits/download-filing?path=2009_12_EO%2F59-1143758_990_200812.pdf,0,1339671,1967-09-01,,FL,3,,200812,2008,2017-08-29T17:17:47.395Z,34788-3928
38,6,602000000,32644 BLOSSOM LN,3,2792247,6,,LEESBURG,1000,2017-08-29T17:17:47.395Z,,1,591143758,1,0,1,0,990,15,591143758,1365341,6,UNITED WAY OF LAKE AND SUMTER COUNTIES INC,T70,1,https://projects.propublica.org/nonprofits/download-filing?path=2009_01_EO%2F59-1143758_990_200712.pdf,0,1339671,1967-09-01,,FL,3,,200712,2007,2017-08-29T17:17:47.395Z,34788-3928
39,6,602000000,32644 BLOSSOM LN,3,2792247,6,,LEESBURG,1000,2017-08-29T17:17:47.395Z,,1,591143758,1,0,1,0,990,15,591143758,1365341,6,UNITED WAY OF LAKE AND SUMTER COUNTIES INC,T70,1,https://projects.propublica.org/nonprofits/download-filing?path=2007_10_EO%2F59-1143758_990_200612.pdf,0,1339671,1967-09-01,,FL,3,,200612,2006,2017-08-29T17:17:47.395Z,34788-3928
40,6,602000000,32644 BLOSSOM LN,3,2792247,6,,LEESBURG,1000,2017-08-29T17:17:47.395Z,,1,591143758,1,0,1,0,990,15,591143758,1365341,6,UNITED WAY OF LAKE AND SUMTER COUNTIES INC,T70,1,https://projects.propublica.org/nonprofits/download-filing?path=2006_08_EO%2F59-1143758_990_200512.pdf,0,1339671,1967-09-01,,FL,3,,200512,2005,2017-08-29T17:17:47.395Z,34788-3928
41,6,602000000,32644 BLOSSOM LN,3,2792247,6,,LEESBURG,1000,2017-08-29T17:17:47.395Z,,1,591143758,1,0,1,0,990,15,591143758,1365341,6,UNITED WAY OF LAKE AND SUMTER COUNTIES INC,T70,1,https://projects.propublica.org/nonprofits/download-filing?path=2005_12_EO%2F59-1143758_990_200412.pdf,0,1339671,1967-09-01,,FL,3,,200412,2004,2017-08-29T17:17:47.395Z,34788-3928
42,6,602000000,32644 BLOSSOM LN,3,2792247,6,,LEESBURG,1000,2017-08-29T17:17:47.395Z,,1,591143758,1,0,1,0,990,15,591143758,1365341,6,UNITED WAY OF LAKE AND SUMTER COUNTIES INC,T70,1,https://projects.propublica.org/nonprofits/download-filing?path=2004_12_EO%2F59-1143758_990_200312.pdf,0,1339671,1967-09-01,,FL,3,,200312,2003,2017-08-29T17:17:47.395Z,34788-3928
43,6,602000000,32644 BLOSSOM LN,3,2792247,6,,LEESBURG,1000,2017-08-29T17:17:47.395Z,,1,591143758,1,0,1,0,990,15,591143758,1365341,6,UNITED WAY OF LAKE AND SUMTER COUNTIES INC,T70,1,https://projects.propublica.org/nonprofits/download-filing?path=2003_08_EO%2F59-1143758_990_200212.pdf,0,1339671,1967-09-01,,FL,3,,200212,2002,2017-08-29T17:17:47.395Z,34788-3928
44,6,602000000,32644 BLOSSOM LN,3,2792247,6,,LEESBURG,1000,2017-08-29T17:17:47.395Z,,1,591143758,1,0,1,0,990,15,591143758,1365341,6,UNITED WAY OF LAKE AND SUMTER COUNTIES INC,T70,1,https://projects.propublica.org/nonprofits/download-filing?path=2002_11_EO%2F59-1143758_990_200112.pdf,0,1339671,1967-09-01,,FL,3,,200112,2001,2017-08-29T17:17:47.395Z,34788-3928
45,6,602000000,32644 BLOSSOM LN,3,6195,1,,LEESBURG,1000,2017-08-29T17:17:51.540Z,,1,592520099,1,0,1,1,990EZ,15,592520099,391411,4,LAKE & SUMTER COUNTRIES UNITED WAY FOUNDATION INC,T70Z,1,https://projects.propublica.org/nonprofits/download-filing?path=2011_02_EO%2F59-2520099_990EZ_200912.pdf,0,34998,1987-05-01,,FL,3,,200912,2009,2017-08-29T17:17:51.540Z,34788-3928
46,6,602000000,32644 BLOSSOM LN,3,6195,1,,LEESBURG,1000,2017-08-29T17:17:51.540Z,,1,592520099,1,0,1,1,990EZ,15,592520099,391411,4,LAKE & SUMTER COUNTRIES UNITED WAY FOUNDATION INC,T70Z,1,https://projects.propublica.org/nonprofits/download-filing?path=2009_12_EO%2F59-2520099_990EZ_200812.pdf,0,34998,1987-05-01,,FL,3,,200812,2008,2017-08-29T17:17:51.540Z,34788-3928
47,6,602000000,32644 BLOSSOM LN,3,6195,1,,LEESBURG,1000,2017-08-29T17:17:51.540Z,,1,592520099,1,0,1,0,990,15,592520099,391411,4,LAKE & SUMTER COUNTRIES UNITED WAY FOUNDATION INC,T70Z,1,https://projects.propublica.org/nonprofits/download-filing?path=2008_07_EO%2F59-2520099_990_200712.pdf,0,34998,1987-05-01,,FL,3,,200712,2007,2017-08-29T17:17:51.540Z,34788-3928
48,6,602000000,32644 BLOSSOM LN,3,6195,1,,LEESBURG,1000,2017-08-29T17:17:51.540Z,,1,592520099,1,0,1,0,990,15,592520099,391411,4,LAKE & SUMTER COUNTRIES UNITED WAY FOUNDATION INC,T70Z,1,https://projects.propublica.org/nonprofits/download-filing?path=2008_03_EO%2F59-2520099_990_200612.pdf,0,34998,1987-05-01,,FL,3,,200612,2006,2017-08-29T17:17:51.540Z,34788-3928
49,6,602000000,32644 BLOSSOM LN,3,6195,1,,LEESBURG,1000,2017-08-29T17:17:51.540Z,,1,592520099,1,0,1,0,990,15,592520099,391411,4,LAKE & SUMTER COUNTRIES UNITED WAY FOUNDATION INC,T70Z,1,https://projects.propublica.org/nonprofits/download-filing?path=2007_12_EO%2F59-2520099_990_200512.pdf,0,34998,1987-05-01,,FL,3,,200512,2005,2017-08-29T17:17:51.540Z,34788-3928
50,6,602000000,32644 BLOSSOM LN,3,6195,1,,LEESBURG,1000,2017-08-29T17:17:51.540Z,,1,592520099,1,0,1,0,990,15,592520099,391411,4,LAKE & SUMTER COUNTRIES UNITED WAY FOUNDATION INC,T70Z,1,https://projects.propublica.org/nonprofits/download-filing?path=2005_12_EO%2F59-2520099_990_200412.pdf,0,34998,1987-05-01,,FL,3,,200412,2004,2017-08-29T17:17:51.540Z,34788-3928
51,6,602000000,32644 BLOSSOM LN,3,6195,1,,LEESBURG,1000,2017-08-29T17:17:51.540Z,,1,592520099,1,0,1,0,990,15,592520099,391411,4,LAKE & SUMTER COUNTRIES UNITED WAY FOUNDATION INC,T70Z,1,https://projects.propublica.org/nonprofits/download-filing?path=2004_12_EO%2F59-2520099_990_200312.pdf,0,34998,1987-05-01,,FL,3,,200312,2003,2017-08-29T17:17:51.540Z,34788-3928
52,6,602000000,32644 BLOSSOM LN,3,6195,1,,LEESBURG,1000,2017-08-29T17:17:51.540Z,,1,592520099,1,0,1,0,990,15,592520099,391411,4,LAKE & SUMTER COUNTRIES UNITED WAY FOUNDATION INC,T70Z,1,https://projects.propublica.org/nonprofits/download-filing?path=2003_10_EO%2F59-2520099_990_200212.pdf,0,34998,1987-05-01,,FL,3,,200212,2002,2017-08-29T17:17:51.540Z,34788-3928
53,6,602000000,32644 BLOSSOM LN,3,6195,1,,LEESBURG,1000,2017-08-29T17:17:51.540Z,,1,592520099,1,0,1,0,990,15,592520099,391411,4,LAKE & SUMTER COUNTRIES UNITED WAY FOUNDATION INC,T70Z,1,https://projects.propublica.org/nonprofits/download-filing?path=2002_11_EO%2F59-2520099_990_200112.pdf,0,34998,1987-05-01,,FL,3,,200112,2001,2017-08-29T17:17:51.540Z,34788-3928
54,12,913559927,PO BOX 67,3,584078,5,,LK PANASOFFKE,4000,2017-08-29T17:17:53.413Z,,1,592999283,1,0,1,0,990,15,592999283,384184,4,HUMANE SOCIETY SPCA OF SUMTER COUNTY INC,D200,1,https://projects.propublica.org/nonprofits/download-filing?path=2011_05_EO%2F59-2999283_990_201012.pdf,0,384184,1995-01-01,,FL,3,,201012,2010,2017-08-29T17:17:53.413Z,33538-0067
55,12,913559927,PO BOX 67,3,584078,5,,LK PANASOFFKE,4000,2017-08-29T17:17:53.413Z,,1,592999283,1,0,1,0,990,15,592999283,384184,4,HUMANE SOCIETY SPCA OF SUMTER COUNTY INC,D200,1,https://projects.propublica.org/nonprofits/download-filing?path=2013_07_EO%2F59-2999283_990_201012.pdf,0,384184,1995-01-01,,FL,3,,201012,2010,2017-08-29T17:17:53.413Z,33538-0067
56,12,913559927,PO BOX 67,3,584078,5,,LK PANASOFFKE,4000,2017-08-29T17:17:53.413Z,,1,592999283,1,0,1,0,,15,592999283,384184,4,HUMANE SOCIETY SPCA OF SUMTER COUNTY INC,D200,1,https://projects.propublica.org/nonprofits/download-filing?path=2011_07_EO%2F59-2999283_990R_201012.pdf,0,384184,1995-01-01,,FL,3,,201012,2010,2017-08-29T17:17:53.413Z,33538-0067
57,12,913559927,PO BOX 67,3,584078,5,,LK PANASOFFKE,4000,2017-08-29T17:17:53.413Z,,1,592999283,1,0,1,0,990,15,592999283,384184,4,HUMANE SOCIETY SPCA OF SUMTER COUNTY INC,D200,1,https://projects.propublica.org/nonprofits/download-filing?path=2010_04_EO%2F59-2999283_990_200912.pdf,0,384184,1995-01-01,,FL,3,,200912,2009,2017-08-29T17:17:53.413Z,33538-0067
58,12,913559927,PO BOX 67,3,584078,5,,LK PANASOFFKE,4000,2017-08-29T17:17:53.413Z,,1,592999283,1,0,1,0,990,15,592999283,384184,4,HUMANE SOCIETY SPCA OF SUMTER COUNTY INC,D200,1,https://projects.propublica.org/nonprofits/download-filing?path=2009_04_EO%2F59-2999283_990_200812.pdf,0,384184,1995-01-01,,FL,3,,200812,2008,2017-08-29T17:17:53.413Z,33538-0067
59,12,913559927,PO BOX 67,3,584078,5,,LK PANASOFFKE,4000,2017-08-29T17:17:53.413Z,,1,592999283,1,0,1,0,990,15,592999283,384184,4,HUMANE SOCIETY SPCA OF SUMTER COUNTY INC,D200,1,https://projects.propublica.org/nonprofits/download-filing?path=2008_08_EO%2F59-2999283_990_200712.pdf,0,384184,1995-01-01,,FL,3,,200712,2007,2017-08-29T17:17:53.413Z,33538-0067
60,12,913559927,PO BOX 67,3,584078,5,,LK PANASOFFKE,4000,2017-08-29T17:17:53.413Z,,1,592999283,1,0,1,0,,15,592999283,384184,4,HUMANE SOCIETY SPCA OF SUMTER COUNTY INC,D200,1,https://projects.propublica.org/nonprofits/download-filing?path=2008_12_EO%2F59-2999283_990R_200712.pdf,0,384184,1995-01-01,,FL,3,,200712,2007,2017-08-29T17:17:53.413Z,33538-0067
61,12,913559927,PO BOX 67,3,584078,5,,LK PANASOFFKE,4000,2017-08-29T17:17:53.413Z,,1,592999283,1,0,1,0,990,15,592999283,384184,4,HUMANE SOCIETY SPCA OF SUMTER COUNTY INC,D200,1,https://projects.propublica.org/nonprofits/download-filing?path=2007_08_EO%2F59-2999283_990_200612.pdf,0,384184,1995-01-01,,FL,3,,200612,2006,2017-08-29T17:17:53.413Z,33538-0067
62,12,913559927,PO BOX 67,3,584078,5,,LK PANASOFFKE,4000,2017-08-29T17:17:53.413Z,,1,592999283,1,0,1,1,990EZ,15,592999283,384184,4,HUMANE SOCIETY SPCA OF SUMTER COUNTY INC,D200,1,https://projects.propublica.org/nonprofits/download-filing?path=2006_09_EO%2F59-2999283_990EZ_200512.pdf,0,384184,1995-01-01,,FL,3,,200512,2005,2017-08-29T17:17:53.413Z,33538-0067
63,12,913559927,PO BOX 67,3,584078,5,,LK PANASOFFKE,4000,2017-08-29T17:17:53.413Z,,1,592999283,1,0,1,1,990EZ,15,592999283,384184,4,HUMANE SOCIETY SPCA OF SUMTER COUNTY INC,D200,1,https://projects.propublica.org/nonprofits/download-filing?path=2005_09_EO%2F59-2999283_990EZ_200412.pdf,0,384184,1995-01-01,,FL,3,,200412,2004,2017-08-29T17:17:53.413Z,33538-0067
64,12,913559927,PO BOX 67,3,584078,5,,LK PANASOFFKE,4000,2017-08-29T17:17:53.413Z,,1,592999283,1,0,1,1,990EZ,15,592999283,384184,4,HUMANE SOCIETY SPCA OF SUMTER COUNTY INC,D200,1,https://projects.propublica.org/nonprofits/download-filing?path=2004_08_EO%2F59-2999283_990EZ_200312.pdf,0,384184,1995-01-01,,FL,3,,200312,2003,2017-08-29T17:17:53.413Z,33538-0067
65,12,913559927,PO BOX 67,3,584078,5,,LK PANASOFFKE,4000,2017-08-29T17:17:53.413Z,,1,592999283,1,0,1,1,990EZ,15,592999283,384184,4,HUMANE SOCIETY SPCA OF SUMTER COUNTY INC,D200,1,https://projects.propublica.org/nonprofits/download-filing?path=2003_06_EO%2F59-2999283_990EZ_200212.pdf,0,384184,1995-01-01,,FL,3,,200212,2002,2017-08-29T17:17:53.413Z,33538-0067
66,12,913559927,PO BOX 67,3,584078,5,,LK PANASOFFKE,4000,2017-08-29T17:17:53.413Z,,1,592999283,1,0,1,1,990EZ,15,592999283,384184,4,HUMANE SOCIETY SPCA OF SUMTER COUNTY INC,D200,1,https://projects.propublica.org/nonprofits/download-filing?path=2002_09_EO%2F59-2999283_990EZ_200112.pdf,0,384184,1995-01-01,,FL,3,,200112,2001,2017-08-29T17:17:53.413Z,33538-0067
67,12,000000000,8360 E HIGHWAY 25,3,127937,4,,BELLEVIEW,1000,2017-08-29T17:14:08.798Z,,1,50563342,1,0,1,0,990,15,50563342,1127263,6,OPERATION SHOEBOX,P58,1,https://projects.propublica.org/nonprofits/download-filing?path=2011_11_EO%2F05-0563342_990_201012.pdf,0,1126828,2004-07-01,,FL,3,,201012,2010,2017-08-29T17:14:08.798Z,34420-4788
68,12,000000000,8360 E HIGHWAY 25,3,127937,4,,BELLEVIEW,1000,2017-08-29T17:14:08.798Z,,1,50563342,1,0,1,0,990,15,50563342,1127263,6,OPERATION SHOEBOX,P58,1,https://projects.propublica.org/nonprofits/download-filing?path=2011_02_EO%2F05-0563342_990_200912.pdf,0,1126828,2004-07-01,,FL,3,,200912,2009,2017-08-29T17:14:08.798Z,34420-4788
69,12,000000000,8360 E HIGHWAY 25,3,127937,4,,BELLEVIEW,1000,2017-08-29T17:14:08.798Z,,1,50563342,1,0,1,0,990,15,50563342,1127263,6,OPERATION SHOEBOX,P58,1,https://projects.propublica.org/nonprofits/download-filing?path=2009_12_EO%2F05-0563342_990_200812.pdf,0,1126828,2004-07-01,,FL,3,,200812,2008,2017-08-29T17:14:08.798Z,34420-4788
70,12,000000000,8360 E HIGHWAY 25,3,127937,4,,BELLEVIEW,1000,2017-08-29T17:14:08.798Z,,1,50563342,1,0,1,0,990,15,50563342,1127263,6,OPERATION SHOEBOX,P58,1,https://projects.propublica.org/nonprofits/download-filing?path=2009_01_EO%2F05-0563342_990_200712.pdf,0,1126828,2004-07-01,,FL,3,,200712,2007,2017-08-29T17:14:08.798Z,34420-4788
71,12,000000000,8360 E HIGHWAY 25,3,127937,4,,BELLEVIEW,1000,2017-08-29T17:14:08.798Z,,1,50563342,1,0,1,0,990,15,50563342,1127263,6,OPERATION SHOEBOX,P58,1,https://projects.propublica.org/nonprofits/download-filing?path=2007_08_EO%2F05-0563342_990_200612.pdf,0,1126828,2004-07-01,,FL,3,,200612,2006,2017-08-29T17:14:08.798Z,34420-4788
72,12,000000000,8360 E HIGHWAY 25,3,127937,4,,BELLEVIEW,1000,2017-08-29T17:14:08.798Z,,1,50563342,1,0,1,0,990,15,50563342,1127263,6,OPERATION SHOEBOX,P58,1,https://projects.propublica.org/nonprofits/download-filing?path=2006_12_EO%2F05-0563342_990_200512.pdf,0,1126828,2004-07-01,,FL,3,,200512,2005,2017-08-29T17:14:08.798Z,34420-4788
73,12,000000000,8360 E HIGHWAY 25,3,127937,4,,BELLEVIEW,1000,2017-08-29T17:14:08.798Z,,1,50563342,1,0,1,0,990,15,50563342,1127263,6,OPERATION SHOEBOX,P58,1,https://projects.propublica.org/nonprofits/download-filing?path=2005_12_EO%2F05-0563342_990_200412.pdf,0,1126828,2004-07-01,,FL,3,,200412,2004,2017-08-29T17:14:08.798Z,34420-4788
74,12,000000000,8360 E HIGHWAY 25,3,127937,4,,BELLEVIEW,1000,2017-08-29T17:14:08.798Z,,1,50563342,1,0,1,0,,15,50563342,1127263,6,OPERATION SHOEBOX,P58,1,https://projects.propublica.org/nonprofits/download-filing?path=2006_10_EO%2F05-0563342_990R_200412.pdf,0,1126828,2004-07-01,,FL,3,,200412,2004,2017-08-29T17:14:08.798Z,34420-4788
75,12,000000000,8360 E HIGHWAY 25,3,127937,4,,BELLEVIEW,1000,2017-08-29T17:14:08.798Z,,1,50563342,1,0,1,0,990,15,50563342,1127263,6,OPERATION SHOEBOX,P58,1,https://projects.propublica.org/nonprofits/download-filing?path=2005_02_EO%2F05-0563342_990_200312.pdf,0,1126828,2004-07-01,,FL,3,,200312,2003,2017-08-29T17:14:08.798Z,34420-4788
76,6,000000000,PO BOX 1645,3,165455,4,,LADY LAKE,1200,2017-08-29T17:17:57.852Z,,0,593750165,1,0,1,1,990EZ,16,593750165,186474,4,ROTARY CLUB OF THE VILLAGES FOUNDATION INC,T30,1,https://projects.propublica.org/nonprofits/download-filing?path=2011_02_EO%2F59-3750165_990EZ_201006.pdf,0,136309,2002-12-01,SMITH CHARLES H PRES,FL,3,,201006,2010,2017-08-29T17:17:57.852Z,32158-1645
77,6,000000000,PO BOX 1645,3,165455,4,,LADY LAKE,1200,2017-08-29T17:17:57.852Z,,0,593750165,1,0,1,1,990EZ,16,593750165,186474,4,ROTARY CLUB OF THE VILLAGES FOUNDATION INC,T30,1,https://projects.propublica.org/nonprofits/download-filing?path=2010_02_EO%2F59-3750165_990EZ_200906.pdf,0,136309,2002-12-01,SMITH CHARLES H PRES,FL,3,,200906,2009,2017-08-29T17:17:57.852Z,32158-1645
78,6,000000000,PO BOX 1645,3,165455,4,,LADY LAKE,1200,2017-08-29T17:17:57.852Z,,0,593750165,1,0,1,0,,16,593750165,186474,4,ROTARY CLUB OF THE VILLAGES FOUNDATION INC,T30,1,https://projects.propublica.org/nonprofits/download-filing?path=2010_06_EO%2F59-3750165_990ER_200906.pdf,0,136309,2002-12-01,SMITH CHARLES H PRES,FL,3,,200906,2009,2017-08-29T17:17:57.852Z,32158-1645
79,6,000000000,PO BOX 1645,3,165455,4,,LADY LAKE,1200,2017-08-29T17:17:57.852Z,,0,593750165,1,0,1,0,990,16,593750165,186474,4,ROTARY CLUB OF THE VILLAGES FOUNDATION INC,T30,1,https://projects.propublica.org/nonprofits/download-filing?path=2008_11_EO%2F59-3750165_990_200806.pdf,0,136309,2002-12-01,SMITH CHARLES H PRES,FL,3,,200806,2008,2017-08-29T17:17:57.852Z,32158-1645
80,6,000000000,PO BOX 1645,3,165455,4,,LADY LAKE,1200,2017-08-29T17:17:57.852Z,,0,593750165,1,0,1,0,990,16,593750165,186474,4,ROTARY CLUB OF THE VILLAGES FOUNDATION INC,T30,1,https://projects.propublica.org/nonprofits/download-filing?path=2007_10_EO%2F59-3750165_990_200706.pdf,0,136309,2002-12-01,SMITH CHARLES H PRES,FL,3,,200706,2007,2017-08-29T17:17:57.852Z,32158-1645
81,6,000000000,PO BOX 1645,3,165455,4,,LADY LAKE,1200,2017-08-29T17:17:57.852Z,,0,593750165,1,0,1,0,990,16,593750165,186474,4,ROTARY CLUB OF THE VILLAGES FOUNDATION INC,T30,1,https://projects.propublica.org/nonprofits/download-filing?path=2007_02_EO%2F59-3750165_990_200606.pdf,0,136309,2002-12-01,SMITH CHARLES H PRES,FL,3,,200606,2006,2017-08-29T17:17:57.852Z,32158-1645
82,6,000000000,PO BOX 1645,3,165455,4,,LADY LAKE,1200,2017-08-29T17:17:57.852Z,,0,593750165,1,0,1,0,990,16,593750165,186474,4,ROTARY CLUB OF THE VILLAGES FOUNDATION INC,T30,1,https://projects.propublica.org/nonprofits/download-filing?path=2005_09_EO%2F59-3750165_990_200506.pdf,0,136309,2002-12-01,SMITH CHARLES H PRES,FL,3,,200506,2005,2017-08-29T17:17:57.852Z,32158-1645
83,6,000000000,PO BOX 1645,3,165455,4,,LADY LAKE,1200,2017-08-29T17:17:57.852Z,,0,593750165,1,0,1,0,990,16,593750165,186474,4,ROTARY CLUB OF THE VILLAGES FOUNDATION INC,T30,1,https://projects.propublica.org/nonprofits/download-filing?path=2004_11_EO%2F59-3750165_990_200406.pdf,0,136309,2002-12-01,SMITH CHARLES H PRES,FL,3,,200406,2004,2017-08-29T17:17:57.852Z,32158-1645
84,6,000000000,PO BOX 1645,3,165455,4,,LADY LAKE,1200,2017-08-29T17:17:57.852Z,,0,593750165,1,0,1,1,990EZ,16,593750165,186474,4,ROTARY CLUB OF THE VILLAGES FOUNDATION INC,T30,1,https://projects.propublica.org/nonprofits/download-filing?path=2003_09_EO%2F59-3750165_990EZ_200306.pdf,0,136309,2002-12-01,SMITH CHARLES H PRES,FL,3,,200306,2003,2017-08-29T17:17:57.852Z,32158-1645
85,6,000000000,PO BOX 1645,3,165455,4,,LADY LAKE,1200,2017-08-29T17:17:57.852Z,,0,593750165,1,0,1,1,990EZ,16,593750165,186474,4,ROTARY CLUB OF THE VILLAGES FOUNDATION INC,T30,1,https://projects.propublica.org/nonprofits/download-filing?path=2003_02_EO%2F59-3750165_990EZ_200206.pdf,0,136309,2002-12-01,SMITH CHARLES H PRES,FL,3,,200206,2002,2017-08-29T17:17:57.852Z,32158-1645
86,6,000000000,PO BOX 1645,3,165455,4,,LADY LAKE,1200,2017-08-29T17:17:57.852Z,,0,593750165,1,0,1,1,990EZ,16,593750165,186474,4,ROTARY CLUB OF THE VILLAGES FOUNDATION INC,T30,1,https://projects.propublica.org/nonprofits/download-filing?path=2003_07_EO%2F59-3750165_990EZ_200206.pdf,0,136309,2002-12-01,SMITH CHARLES H PRES,FL,3,,200206,2002,2017-08-29T17:17:57.852Z,32158-1645
